OBJECTID,FID,id,lat,long,cbsaName,cbsaGUID,plantId,tabID,panelID,panelNumbe,hoverText,heading,weeklyImpr,productTyp,POINT_X,POINT_Y
1,129578,716613,47.633163,-122.343788,"Seattle-Tacoma-Bellevue, WA",8430156E-10EE-DD11-BFE8-001EC9ACE3EE,1002017391,130178,1075967,13004,AURORA AV N WL 95F S/O GARFIELD ST SF-1,S,235621,BULLETINS,-13619248.18,6046041.771
2,129108,716297,47.687099,-122.311958,"Seattle-Tacoma-Bellevue, WA",8430156E-10EE-DD11-BFE8-001EC9ACE3EE,1002017391,129796,1075408,8021,15TH AV NE EL 142F N/O NE 80TH ST SF-2,S,70782,POSTERS,-13615704.88,6054956.23
3,128903,716162,47.553207,-122.27885,"Seattle-Tacoma-Bellevue, WA",8430156E-10EE-DD11-BFE8-001EC9ACE3EE,1002017391,129690,1075156,6370,RAINIER AV S EL 78F S/O BRANDON ST SF-1,S,66457,POSTERS,-13612019.32,6032843.68
4,128250,715716,47.515458,-122.314136,"Seattle-Tacoma-Bellevue, WA",8430156E-10EE-DD11-BFE8-001EC9ACE3EE,1002017391,130578,1074359,20921,DES MOINES WY S WL 165F N/O S 99TH ST SF-1,S,20296,POSTERS,-13615947.34,6026619.566
5,140688,716234,47.60047,-122.327855,"Seattle-Tacoma-Bellevue, WA",8430156E-10EE-DD11-BFE8-001EC9ACE3EE,1002017391,30834474,1113969,16600,5TH AV S WL 132F S/O S WASHINGTON ST NF-1 (TRIVISION),N,25409,POSTERS,-13617474.53,6040642.801
6,129617,716641,47.550786,-122.335266,"Seattle-Tacoma-Bellevue, WA",8430156E-10EE-DD11-BFE8-001EC9ACE3EE,1002017391,130300,1076018,16248,E MARGINAL WY S EL 177F S/O S MEAD ST NF-1,N,139541,POSTERS,-13618299.52,6032444.367
7,128770,716074,47.61519,-122.3123,"Seattle-Tacoma-Bellevue, WA",8430156E-10EE-DD11-BFE8-001EC9ACE3EE,1002017391,129740,1074994,7107,E PINE ST SL 97F E/O 15TH AV E EF-1,E,38696,POSTERS,-13615742.95,6043073.266
8,128615,715959,47.599361,-122.297206,"Seattle-Tacoma-Bellevue, WA",8430156E-10EE-DD11-BFE8-001EC9ACE3EE,1002017391,129732,1074791,6983,MLK JR WY S EL 51F N/O S JACKSON ST NF-1,N,41154,POSTERS,-13614062.7,6040459.718
9,127213,715066,47.586346,-122.331755,"Seattle-Tacoma-Bellevue, WA",8430156E-10EE-DD11-BFE8-001EC9ACE3EE,1002017391,130315,1073188,16414,S HOLGATE ST NL 369.4F E/O OCCIDENTAL AV S EF-2,E,38103,POSTERS,-13617908.67,6038311.386
10,162155,747072,47.705875,-122.344494,,,1002017391,30922664,1156778,9800,AURORA AVE N EL 300F N/O N 105TH ST  NF-1,N,0,BULLETINS,-13619326.77,6058061.661
11,128533,715904,47.530762,-122.334006,"Seattle-Tacoma-Bellevue, WA",8430156E-10EE-DD11-BFE8-001EC9ACE3EE,1002017391,130554,1074691,20669,SH 509 EL 404F S/O S KENYON ST SF-2,S,196102,POSTERS,-13618159.25,6029142.373
12,127511,715256,47.574702,-122.371213,"Seattle-Tacoma-Bellevue, WA",8430156E-10EE-DD11-BFE8-001EC9ACE3EE,1002017391,130475,1073523,19000,HARBOR AV SW WL 763F S/O SW HARBOR LN NF-1,N,36083,POSTERS,-13622301.12,6036389.812
13,129915,716830,47.619037,-122.357824,"Seattle-Tacoma-Bellevue, WA",8430156E-10EE-DD11-BFE8-001EC9ACE3EE,1002017391,130164,1076379,12838,WESTERN AV W EL 27F S/O 1ST AV W SF-2,S,111187,POSTERS,-13620810.66,6043708.568
14,128977,716213,47.583356,-122.333871,"Seattle-Tacoma-Bellevue, WA",8430156E-10EE-DD11-BFE8-001EC9ACE3EE,1002017391,130307,1075255,16303,1ST AV S EL 200F S/O WALKER ST SF,S,75753,BULLETINS,-13618144.23,6037817.915
15,129271,716404,47.534354,-122.313921,"Seattle-Tacoma-Bellevue, WA",8430156E-10EE-DD11-BFE8-001EC9ACE3EE,1002017391,130383,1075615,16976,E MARGINAL WY S WL 227F N/O 16TH AV S SF-1,S,41320,POSTERS,-13615923.4,6029734.608
16,128761,716064,47.616976,-122.307154,"Seattle-Tacoma-Bellevue, WA",8430156E-10EE-DD11-BFE8-001EC9ACE3EE,1002017391,129736,1074978,7044,E MADISON ST NL 51F E/O 19TH AV E EF-1,E,100331,POSTERS,-13615170.1,6043368.204
17,129332,716447,47.689298,-122.377042,"Seattle-Tacoma-Bellevue, WA",8430156E-10EE-DD11-BFE8-001EC9ACE3EE,1002017391,130041,1075682,11320,15TH AV NW WL 178F N/O NW 83RD ST SF-1,S,60206,POSTERS,-13622950,6055319.873
18,132671,721369,47.522684,-122.359653,"Seattle-Tacoma-Bellevue, WA",8430156E-10EE-DD11-BFE8-001EC9ACE3EE,1002017391,130483,1089697,19091,DELRIDGE WY SW EL 30F S/O SW HENDERSON ST SF-4,S,54073,POSTERS,-13621014.27,6027810.654
19,129272,716404,47.534354,-122.313921,"Seattle-Tacoma-Bellevue, WA",8430156E-10EE-DD11-BFE8-001EC9ACE3EE,1002017391,130384,1075616,16977,E MARGINAL WY S WL 227F N/O 16TH AV S NF-2,N,54196,POSTERS,-13615923.4,6029734.608
20,129333,716447,47.689298,-122.377042,"Seattle-Tacoma-Bellevue, WA",8430156E-10EE-DD11-BFE8-001EC9ACE3EE,1002017391,130042,1075683,11321,15TH AV NW WL 178F N/O NW 83RD ST NF-2,N,110267,POSTERS,-13622950,6055319.873
21,128956,716198,47.59568,-122.32389,"Seattle-Tacoma-Bellevue, WA",8430156E-10EE-DD11-BFE8-001EC9ACE3EE,1002017391,129667,1075230,6021,S DEARBORN ST SL 55F W/O 7TH AV S EF-1,E,67232,POSTERS,-13617033.15,6039852.056
22,129088,716285,47.68593,-122.31472,"Seattle-Tacoma-Bellevue, WA",8430156E-10EE-DD11-BFE8-001EC9ACE3EE,1002017391,129794,1075386,8000,LAKE CITY WY NE WL 279F N/O NE 78TH ST SF-1,S,104533,BULLETINS,-13616012.35,6054762.922
23,129633,716652,47.6337,-122.377071,"Seattle-Tacoma-Bellevue, WA",8430156E-10EE-DD11-BFE8-001EC9ACE3EE,1002017391,130135,1076038,12526,W GARFIELD ST NL 230F W/O 15TH AV W EF-2,E,68912,POSTERS,-13622953.23,6046130.48
24,129629,716649,47.633394,-122.375872,"Seattle-Tacoma-Bellevue, WA",8430156E-10EE-DD11-BFE8-001EC9ACE3EE,1002017391,130136,1076032,12546,ELLIOTT AV W EL 78F S/O W GARFIELD ST NF-1,N,224800,BULLETINS,-13622819.76,6046079.931
25,127207,715063,47.5718,-122.337931,"Seattle-Tacoma-Bellevue, WA",8430156E-10EE-DD11-BFE8-001EC9ACE3EE,1002017391,130457,1073182,17773,WEST SEATTLE BRIDGE NL 200F W/O COLORADO AV S EF-4 (TRIVISION),E,138051,POSTERS,-13618596.18,6035910.97
26,128477,715868,47.53899,-122.32181,"Seattle-Tacoma-Bellevue, WA",8430156E-10EE-DD11-BFE8-001EC9ACE3EE,1002017391,14910733,1074628,16940,E MARGINAL WY S WL 200F S/O S MYRTLE ST SF-1,S,46214,POSTERS,-13616801.6,6030499.033
27,129341,716453,47.730634,-122.292069,"Seattle-Tacoma-Bellevue, WA",8430156E-10EE-DD11-BFE8-001EC9ACE3EE,1002017391,129840,1075692,8504,LAKE CITY WY NE EL 188F N/O NE 140TH ST SF-2,S,142628,POSTERS,-13613490.85,6062158.353
28,129945,716851,47.626026,-122.367187,"Seattle-Tacoma-Bellevue, WA",8430156E-10EE-DD11-BFE8-001EC9ACE3EE,1002017391,130155,1076415,12755,ELLIOTT AV W EL 256F S/O W MERCER PL SF-2,S,163678,POSTERS,-13621852.95,6044862.868
29,129792,716751,47.64767,-122.35268,"Seattle-Tacoma-Bellevue, WA",8430156E-10EE-DD11-BFE8-001EC9ACE3EE,1002017391,605821,1076226,12215,NICKERSON ST NL 108F E/O ETRURIA ST WF-3 (TRIVISION),W,58029,POSTERS,-13620238.03,6048438.56
30,134260,723784,47.61528,-122.344294,"Seattle-Tacoma-Bellevue, WA",8430156E-10EE-DD11-BFE8-001EC9ACE3EE,1002061868,130253,1099024,14677,BELL ST NL 87F W/O 4TH AV EF-1,E,89411,POSTERS,-13619304.51,6043088.128
31,129283,716413,47.725853,-122.292077,"Seattle-Tacoma-Bellevue, WA",8430156E-10EE-DD11-BFE8-001EC9ACE3EE,1002017391,129830,1075629,8418,LAKE CITY WY NE EL 206F S/O NE 135TH ST NF-1,N,68459,POSTERS,-13613491.74,6061367.124
32,129106,716295,47.687381,-122.312661,"Seattle-Tacoma-Bellevue, WA",8430156E-10EE-DD11-BFE8-001EC9ACE3EE,1002017391,129797,1075404,8041,LAKE CITY WY NE WL 140F S/O 15TH AV NE SF-1,S,41961,POSTERS,-13615783.14,6055002.863
33,129635,716653,47.633904,-122.376441,"Seattle-Tacoma-Bellevue, WA",8430156E-10EE-DD11-BFE8-001EC9ACE3EE,1002017391,130131,1076040,12503,15TH AV W WL 108F N/O W GARFIELD ST NF-2,N,132466,POSTERS,-13622883.1,6046164.18
34,129314,716436,47.728778,-122.292569,"Seattle-Tacoma-Bellevue, WA",8430156E-10EE-DD11-BFE8-001EC9ACE3EE,1002017391,129836,1075666,8462,LAKE CITY WY NE WL 278F N/O NE 137TH ST SF-2,S,124225,BULLETINS,-13613546.51,6061851.186
35,129639,716656,47.64366,-122.376545,"Seattle-Tacoma-Bellevue, WA",8430156E-10EE-DD11-BFE8-001EC9ACE3EE,1002017391,130122,1076044,12399,15TH AV W WL 283F N/O RAYE ST SF-1,S,143761,BULLETINS,-13622894.67,6047775.977
36,128827,716113,47.528233,-122.270215,"Seattle-Tacoma-Bellevue, WA",8430156E-10EE-DD11-BFE8-001EC9ACE3EE,1002017391,129700,1075064,6551,RAINIER AV S WL 144F N/O S THISTLE ST SF-1,S,29508,POSTERS,-13611058.07,6028725.426
37,129621,716643,47.552667,-122.336116,"Seattle-Tacoma-Bellevue, WA",8430156E-10EE-DD11-BFE8-001EC9ACE3EE,1002017391,130298,1076022,16227,E MARGINAL WY S EL 346F S/O S LUCILE ST NF-1,N,182178,BULLETINS,-13618394.14,6032754.612
38,129427,716516,47.662781,-122.34706,"Seattle-Tacoma-Bellevue, WA",8430156E-10EE-DD11-BFE8-001EC9ACE3EE,1002017391,130088,1075797,12022,AURORA AV N EL 31F S/O N 47TH ST SF-2,S,182528,POSTERS,-13619612.42,6050935.848
39,129059,733910,47.59657,-122.317019,"Seattle-Tacoma-Bellevue, WA",8430156E-10EE-DD11-BFE8-001EC9ACE3EE,1002017391,30818571,1111115,6797,12TH AV S EL 320F S/O S WELLER ST NF-1,N,44676,POSTERS,-13616268.27,6039998.974
40,128779,716083,47.54787,-122.3335,"Seattle-Tacoma-Bellevue, WA",8430156E-10EE-DD11-BFE8-001EC9ACE3EE,1002017391,30664546,1075011,16260,1ST AV S EL 30F N/O E MARGINAL WY S SF-2,S,259774,BULLETINS,-13618102.93,6031963.435
41,132670,721369,47.522684,-122.359653,"Seattle-Tacoma-Bellevue, WA",8430156E-10EE-DD11-BFE8-001EC9ACE3EE,1002017391,130482,1089696,19090,DELRIDGE WY SW EL 30F S/O SW HENDERSON ST NF-3,N,41397,POSTERS,-13621014.27,6027810.654
42,129697,716691,47.70548,-122.355192,"Seattle-Tacoma-Bellevue, WA",8430156E-10EE-DD11-BFE8-001EC9ACE3EE,1002017391,130017,1076111,11022,GREENWOOD AV N EL 144F N/O N 105TH ST SF-2,S,147230,POSTERS,-13620517.67,6057996.319
43,128593,715943,47.569577,-122.334462,"Seattle-Tacoma-Bellevue, WA",8430156E-10EE-DD11-BFE8-001EC9ACE3EE,1002017391,130308,1074761,16310,1ST AV S WL 735F S/O S SPOKANE ST SF-1,S,47461,POSTERS,-13618210.02,6035544.184
44,128392,715818,47.512584,-122.354852,"Seattle-Tacoma-Bellevue, WA",8430156E-10EE-DD11-BFE8-001EC9ACE3EE,1002017391,130490,1074533,19165,16TH AV SW EL 268F N/O SW 102ND ST SF-2,S,26216,POSTERS,-13620479.82,6026145.88
45,128754,716060,47.61383,-122.30287,"Seattle-Tacoma-Bellevue, WA",8430156E-10EE-DD11-BFE8-001EC9ACE3EE,1002017391,129735,1074971,7024,23RD AV E WL 326F N/O E UNION ST SF-1,S,32559,POSTERS,-13614693.21,6042848.683
46,126945,714891,47.571906,-122.333021,"Seattle-Tacoma-Bellevue, WA",8430156E-10EE-DD11-BFE8-001EC9ACE3EE,1002017391,130444,1072866,17667,WEST SEATTLE BRIDGE NL 332F E/O 1ST AV S EF-2 (TRIVISION),E,135292,POSTERS,-13618049.6,6035928.46
47,129000,716229,47.602114,-122.328987,"Seattle-Tacoma-Bellevue, WA",8430156E-10EE-DD11-BFE8-001EC9ACE3EE,1002017391,130340,1075285,16559,4TH AV EL 150F N/O YESLER WY SF,S,315979,BULLETINS,-13617600.54,6040914.213
48,128134,715640,47.518059,-122.315241,"Seattle-Tacoma-Bellevue, WA",8430156E-10EE-DD11-BFE8-001EC9ACE3EE,1002017391,130569,1074231,20836,W MARGINAL WY S WL 275F S/O 14TH AV S SF-1,S,57254,POSTERS,-13616070.34,6027048.279
49,129510,716572,47.637508,-122.344606,"Seattle-Tacoma-Bellevue, WA",8430156E-10EE-DD11-BFE8-001EC9ACE3EE,1002017391,130176,1075897,12983,AURORA AV N WL 135F N/O CROCKETT ST SF-1,S,134067,POSTERS,-13619339.24,6046759.565
50,129599,716629,47.578254,-122.339131,"Seattle-Tacoma-Bellevue, WA",8430156E-10EE-DD11-BFE8-001EC9ACE3EE,1002017391,130285,1075991,16081,ALASKAN WY VIADUCT S EL 922F N/O S HANFORD ST NF-1,N,236970,BULLETINS,-13618729.77,6036975.943
51,132458,718473,47.598746,-122.317424,"Seattle-Tacoma-Bellevue, WA",8430156E-10EE-DD11-BFE8-001EC9ACE3EE,1002017391,129722,1079778,6838,12TH AV S WL 148F N/O S KING ST SF-1,S,0,POSTERS,-13616313.35,6040358.19
52,129774,716743,47.649317,-122.357204,"Seattle-Tacoma-Bellevue, WA",8430156E-10EE-DD11-BFE8-001EC9ACE3EE,1002017391,130112,1076208,12236,NICKERSON ST SL 113F E/O QUEEN ANNE AV N WF-2,W,77872,POSTERS,-13620741.64,6048710.713
53,128081,715598,47.50615,-122.333086,"Seattle-Tacoma-Bellevue, WA",8430156E-10EE-DD11-BFE8-001EC9ACE3EE,1002017391,130548,1074161,20606,MYERS WY S WL 291F N/O 1ST AV S SF-1,S,24226,POSTERS,-13618056.84,6025085.537
54,129456,716539,47.723054,-122.340491,"Seattle-Tacoma-Bellevue, WA",8430156E-10EE-DD11-BFE8-001EC9ACE3EE,1002017391,129969,1075836,9673,N 130TH ST SL 171F W/O ASHWORTH AV N EF-1,E,57204,POSTERS,-13618881.16,6060903.938
55,128966,716205,47.61863,-122.32981,"Seattle-Tacoma-Bellevue, WA",8430156E-10EE-DD11-BFE8-001EC9ACE3EE,1002017391,130212,1075243,14239,DENNY WY NL 205F E/O STEWART ST WF-1 (TRIVISION),W,81333,POSTERS,-13617692.16,6043641.353
56,128767,716071,47.615155,-122.311738,"Seattle-Tacoma-Bellevue, WA",8430156E-10EE-DD11-BFE8-001EC9ACE3EE,1002017391,129737,1074989,7085,E MADISON ST NL 58F W/O 16TH AV E WF-1,W,75138,POSTERS,-13615680.39,6043067.486
57,128150,715649,47.517481,-122.316544,"Seattle-Tacoma-Bellevue, WA",8430156E-10EE-DD11-BFE8-001EC9ACE3EE,1002017391,130573,1074247,20878,DES MOINES WY S WL 213F N/O S 96TH ST SF-1,S,28416,POSTERS,-13616215.39,6026953.008
58,128594,715943,47.569577,-122.334462,"Seattle-Tacoma-Bellevue, WA",8430156E-10EE-DD11-BFE8-001EC9ACE3EE,1002017391,130309,1074762,16311,1ST AV S WL 735F S/O S SPOKANE ST NF-2,N,61975,POSTERS,-13618210.02,6035544.184
59,129069,716273,47.661145,-122.317192,"Seattle-Tacoma-Bellevue, WA",8430156E-10EE-DD11-BFE8-001EC9ACE3EE,1002017391,129787,1075366,7547,NE 45TH ST SL 133F E/O ROOSEVELT WY NE WF-1 (TRIVISION),W,144541,POSTERS,-13616287.53,6050665.443
60,129149,716327,47.652691,-122.375937,"Seattle-Tacoma-Bellevue, WA",8430156E-10EE-DD11-BFE8-001EC9ACE3EE,1002017391,130113,1075465,12256,15TH AV W EL 122F S/O EMERSON ST NF-1,N,242651,BULLETINS,-13622826.99,6049268.265
61,128135,715640,47.518059,-122.315241,"Seattle-Tacoma-Bellevue, WA",8430156E-10EE-DD11-BFE8-001EC9ACE3EE,1002017391,130570,1074232,20837,W MARGINAL WY S WL 275F S/O 14TH AV S NF-2,N,79660,POSTERS,-13616070.34,6027048.279
62,128573,715929,47.521465,-122.319894,"Seattle-Tacoma-Bellevue, WA",8430156E-10EE-DD11-BFE8-001EC9ACE3EE,1002017391,130568,1074738,20816,W MARGINAL WY SW WL 130F E/O 10TH AV S NF-2,N,91318,POSTERS,-13616588.31,6027609.71
63,127528,715268,47.563198,-122.378388,"Seattle-Tacoma-Bellevue, WA",8430156E-10EE-DD11-BFE8-001EC9ACE3EE,1002017391,3637134,1073540,18038,FAUNTLEROY WY SW SL 97F N/O SW OREGON ST EF-1 (TRIVISION),NE,84062,POSTERS,-13623099.84,6034491.762
64,129873,716807,47.618427,-122.345986,"Seattle-Tacoma-Bellevue, WA",8430156E-10EE-DD11-BFE8-001EC9ACE3EE,1002017391,130196,1076333,14070,DENNY WY SL 81F E/O TAYLOR AV N EF-1 (TRIVISION),E,89259,POSTERS,-13619492.86,6043607.828
65,129167,716336,47.692162,-122.305553,"Seattle-Tacoma-Bellevue, WA",8430156E-10EE-DD11-BFE8-001EC9ACE3EE,1002017391,30852193,1121753,8125,LAKE CITY WY NE EL 20F N/O NE 88TH ST SF-1,S,56615,POSTERS,-13614991.88,6055793.508
66,129928,716838,47.571832,-122.327705,"Seattle-Tacoma-Bellevue, WA",8430156E-10EE-DD11-BFE8-001EC9ACE3EE,1002017391,130435,1076393,17620,WEST SEATTLE BRIDGE NL 40F W/O 5TH AV S WF-1,W,136132,BULLETINS,-13617457.83,6035916.25
67,126944,714891,47.571906,-122.333021,"Seattle-Tacoma-Bellevue, WA",8430156E-10EE-DD11-BFE8-001EC9ACE3EE,1002017391,130443,1072865,17666,WEST SEATTLE BRIDGE NL 332F E/O 1ST AV S EF-2 (TRIVISION),E,135292,POSTERS,-13618049.6,6035928.46
68,129244,716385,47.703083,-122.301918,"Seattle-Tacoma-Bellevue, WA",8430156E-10EE-DD11-BFE8-001EC9ACE3EE,1002017391,129820,1075576,8289,LAKE CITY WY NE WL 409F S/O NE 104TH ST NF-1,N,116452,POSTERS,-13614587.23,6057599.811
69,129638,716655,47.642082,-122.375912,"Seattle-Tacoma-Bellevue, WA",8430156E-10EE-DD11-BFE8-001EC9ACE3EE,1002017391,130124,1076043,12420,15TH AV W EL 135F S/O GILMAN DR W NF-1,N,157047,BULLETINS,-13622824.21,6047515.254
70,134094,723641,47.621351,-122.347092,"Seattle-Tacoma-Bellevue, WA",8430156E-10EE-DD11-BFE8-001EC9ACE3EE,1002061868,130191,1098647,14027,BROAD ST NL 262F E/O 5TH AVE N WF-1 (TRIVISION),W,59873,POSTERS,-13619615.98,6044090.73
71,130057,716921,47.632689,-122.376342,"Seattle-Tacoma-Bellevue, WA",8430156E-10EE-DD11-BFE8-001EC9ACE3EE,1002017391,130137,1076539,12566,ELLIOTT AV W WL 307F S/O W GARFIELD ST SF-1,S,140132,BULLETINS,-13622872.08,6045963.47
72,129440,716526,47.662389,-122.34758,"Seattle-Tacoma-Bellevue, WA",8430156E-10EE-DD11-BFE8-001EC9ACE3EE,1002017391,130089,1075813,12042,AURORA AV N WL 70F N/O N 46TH ST SF-1,S,145029,POSTERS,-13619670.31,6050871.056
73,129340,716453,47.730634,-122.292069,"Seattle-Tacoma-Bellevue, WA",8430156E-10EE-DD11-BFE8-001EC9ACE3EE,1002017391,129839,1075691,8503,LAKE CITY WY NE EL 188F N/O NE 140TH ST NF-1,N,111223,POSTERS,-13613490.85,6062158.353
74,129707,716697,47.70095,-122.355656,"Seattle-Tacoma-Bellevue, WA",8430156E-10EE-DD11-BFE8-001EC9ACE3EE,1002017391,130027,1076125,11108,GREENWOOD AV N WL 161F S/O N 100TH ST NF-2,N,49470,POSTERS,-13620569.32,6057246.989
75,129067,716273,47.661145,-122.317192,"Seattle-Tacoma-Bellevue, WA",8430156E-10EE-DD11-BFE8-001EC9ACE3EE,1002017391,129785,1075364,7545,NE 45TH ST SL 133F E/O ROOSEVELT WY NE WF-1 (TRIVISION),W,141012,POSTERS,-13616287.53,6050665.443
76,128701,716013,47.545463,-122.28564,"Seattle-Tacoma-Bellevue, WA",8430156E-10EE-DD11-BFE8-001EC9ACE3EE,1002017391,129716,1074894,6717,MLK JR WY S WL 268F S/O S GRAHAM ST NF-2,N,92689,POSTERS,-13612775.18,6031566.472
77,129166,716336,47.692162,-122.305553,"Seattle-Tacoma-Bellevue, WA",8430156E-10EE-DD11-BFE8-001EC9ACE3EE,1002017391,129802,1075484,8123,LAKE CITY WY NE EL 20F N/O NE 88TH ST NF-1,N,57166,BULLETINS,-13614991.88,6055793.508
78,161532,723639,47.621775,-122.346537,"Seattle-Tacoma-Bellevue, WA",8430156E-10EE-DD11-BFE8-001EC9ACE3EE,1002061868,30916640,1154266,14006,HARRISON ST SL 40F W/O TAYLOR AVE N SW-1,SW,92851,POSTERS,-13619554.2,6044160.757
79,134091,723637,47.544569,-122.284556,"Seattle-Tacoma-Bellevue, WA",8430156E-10EE-DD11-BFE8-001EC9ACE3EE,1002061868,30548744,1098630,6701,MLK JR WY S EL 25F S/O S ANGEL PL SF-2,S,68287,POSTERS,-13612654.51,6031419.038
80,129389,716492,47.657242,-122.363378,"Seattle-Tacoma-Bellevue, WA",8430156E-10EE-DD11-BFE8-001EC9ACE3EE,1002017391,130082,1075753,11860,LEARY WY NW WL 133F N/O NW 41ST ST NF-2,N,100818,POSTERS,-13621428.93,6050020.373
81,134095,723642,47.618244,-122.330071,"Seattle-Tacoma-Bellevue, WA",8430156E-10EE-DD11-BFE8-001EC9ACE3EE,1002061868,130215,1098648,14261,DENNY WY SL 177F E/O STEWART ST EF-1,E,183980,BULLETINS,-13617721.21,6043577.607
82,128967,716205,47.61863,-122.32981,"Seattle-Tacoma-Bellevue, WA",8430156E-10EE-DD11-BFE8-001EC9ACE3EE,1002017391,130213,1075244,14240,DENNY WY NL 205F E/O STEWART ST WF-1 (TRIVISION),W,81333,POSTERS,-13617692.16,6043641.353
83,128652,715982,47.5697,-122.3401,"Seattle-Tacoma-Bellevue, WA",8430156E-10EE-DD11-BFE8-001EC9ACE3EE,1002017391,30609439,1074836,16176,ALASKAN WY VIADUCT WL 100F N/O DUWAMISH AV S SF-1,S,177150,BULLETINS,-13618837.64,6035564.479
84,162156,747072,47.705875,-122.344494,,,1002017391,30922665,1156779,9801,AURORA AVE N EL 300F N/O N 105TH ST  SF-1,S,0,BULLETINS,-13619326.77,6058061.661
85,126962,714903,47.571227,-122.336133,"Seattle-Tacoma-Bellevue, WA",8430156E-10EE-DD11-BFE8-001EC9ACE3EE,1002017391,130448,1072885,17728,WEST SEATTLE BRIDGE SL 940F W/O 1ST AV S EF-1,E,134510,BULLETINS,-13618396.03,6035816.426
86,129236,716380,47.665797,-122.37646,"Seattle-Tacoma-Bellevue, WA",8430156E-10EE-DD11-BFE8-001EC9ACE3EE,1002017391,130065,1075569,11651,15TH AV NW WL 39F N/O NW 51ST ST NF-2,N,185942,POSTERS,-13622885.21,6051434.368
87,129437,716522,47.69394,-122.34479,"Seattle-Tacoma-Bellevue, WA",8430156E-10EE-DD11-BFE8-001EC9ACE3EE,1002017391,129999,1075808,9988,AURORA AV N WL 58F S/O N 90TH ST NF-2,N,161900,POSTERS,-13619359.72,6056087.558
88,129605,716631,47.574821,-122.339067,"Seattle-Tacoma-Bellevue, WA",8430156E-10EE-DD11-BFE8-001EC9ACE3EE,1002017391,30766373,1075997,16104,ALASKAN WY VIADUCT S EL 143F N/O S HORTON ST SF-2 (TRIVISION),S,320801,BULLETINS,-13618722.64,6036409.448
89,129838,716777,47.508008,-122.277178,"Seattle-Tacoma-Bellevue, WA",8430156E-10EE-DD11-BFE8-001EC9ACE3EE,1002017391,129703,1076276,6582,S RYAN WY NL 300F E/O MLK JR WY S EF-2,E,28346,POSTERS,-13611833.19,6025391.728
90,128606,715952,47.562812,-122.3344,"Seattle-Tacoma-Bellevue, WA",8430156E-10EE-DD11-BFE8-001EC9ACE3EE,1002017391,130305,1074778,16289,1ST AV VIADUCT WL 338F N/O DENVER AV S SF-1,S,34133,POSTERS,-13618203.11,6034428.083
91,129315,716436,47.728778,-122.292569,"Seattle-Tacoma-Bellevue, WA",8430156E-10EE-DD11-BFE8-001EC9ACE3EE,1002017391,129837,1075667,8463,LAKE CITY WY NE WL 278F N/O NE 137TH ST NF-1,N,152047,BULLETINS,-13613546.51,6061851.186
92,129276,716407,47.710875,-122.300709,"Seattle-Tacoma-Bellevue, WA",8430156E-10EE-DD11-BFE8-001EC9ACE3EE,1002017391,129823,1075620,8330,LAKE CITY WY NE WL 122F N/O NE 113TH ST SF-1,S,104718,POSTERS,-13614452.65,6058888.818
93,128540,715910,47.579043,-122.328684,"Seattle-Tacoma-Bellevue, WA",8430156E-10EE-DD11-BFE8-001EC9ACE3EE,1002017391,30458488,1074702,16675,4TH AV S EL 115F S/O LANDER ST SF-2,S,136319,BULLETINS,-13617566.81,6037106.144
94,128275,715731,47.50073,-122.305558,"Seattle-Tacoma-Bellevue, WA",8430156E-10EE-DD11-BFE8-001EC9ACE3EE,1002017391,130579,1074388,20941,DES MOINES WY S EL 402F S/O MILITARY RD S NF-1,N,20147,POSTERS,-13614992.44,6024192.405
95,128481,715870,47.664309,-122.375875,"Seattle-Tacoma-Bellevue, WA",8430156E-10EE-DD11-BFE8-001EC9ACE3EE,1002017391,14926330,1074632,11681,15TH AV NW EL 35F S/O NW 49TH NF-1,N,175041,BULLETINS,-13622820.09,6051188.41
96,128535,715905,47.579985,-122.32417,"Seattle-Tacoma-Bellevue, WA",8430156E-10EE-DD11-BFE8-001EC9ACE3EE,1002017391,30458486,1074693,16671,S LANDER ST NL 50F E/O 7TH AV S EF-2,E,40159,POSTERS,-13617064.32,6037261.597
97,129430,716518,47.723049,-122.343651,"Seattle-Tacoma-Bellevue, WA",8430156E-10EE-DD11-BFE8-001EC9ACE3EE,1002017391,129972,1075800,9695,N 130TH ST SL 376F E/O AURORA AV N WF-2,W,65318,POSTERS,-13619232.93,6060903.111
98,129210,716364,47.701782,-122.301803,"Seattle-Tacoma-Bellevue, WA",8430156E-10EE-DD11-BFE8-001EC9ACE3EE,1002017391,129812,1075540,8226,LAKE CITY WY NE EL 128F S/O FISCHER PL NE NF-1,N,136017,BULLETINS,-13614574.43,6057384.609
99,130027,716904,47.630822,-122.373493,"Seattle-Tacoma-Bellevue, WA",8430156E-10EE-DD11-BFE8-001EC9ACE3EE,1002017391,130141,1076508,12627,ELLIOTT AV W EL 170F N/O W LEE ST NF-1,N,83025,POSTERS,-13622554.93,6045655.063
100,134258,723783,47.732837,-122.34533,"Seattle-Tacoma-Bellevue, WA",8430156E-10EE-DD11-BFE8-001EC9ACE3EE,1002061868,14910742,1099022,9622,AURORA AV N WL 386F S/O N 145TH ST SF-1,S,134295,BULLETINS,-13619419.84,6062522.961
101,128592,715942,47.56469,-122.32902,"Seattle-Tacoma-Bellevue, WA",8430156E-10EE-DD11-BFE8-001EC9ACE3EE,1002017391,30571498,1074760,16754,4TH AV S EL 920F S/O S INDUSTRIAL WY SF-2,S,83618,BULLETINS,-13617604.22,6034737.904
102,129410,716503,47.684979,-122.344683,"Seattle-Tacoma-Bellevue, WA",8430156E-10EE-DD11-BFE8-001EC9ACE3EE,1002017391,130013,1075776,10135,AURORA AV N WL 88F N/O N 77TH ST NF-2,N,89314,POSTERS,-13619347.81,6054605.666
103,128785,716086,47.584402,-122.329387,"Seattle-Tacoma-Bellevue, WA",8430156E-10EE-DD11-BFE8-001EC9ACE3EE,1002017391,130348,1075017,16641,4TH AV S WL 110F N/O S WALKER ST NF-2,N,138154,BULLETINS,-13617645.07,6037990.544
104,129763,716738,47.550988,-122.329872,"Seattle-Tacoma-Bellevue, WA",8430156E-10EE-DD11-BFE8-001EC9ACE3EE,1002017391,509470,1076196,16778,4TH AV S WL 5F S/O S MEADE ST SF-1,S,47294,POSTERS,-13617699.06,6032477.684
105,129070,716273,47.661145,-122.317192,"Seattle-Tacoma-Bellevue, WA",8430156E-10EE-DD11-BFE8-001EC9ACE3EE,1002017391,129788,1075367,7548,NE 45TH ST SL 133F E/O ROOSEVELT WY NE EF-2,E,263306,BULLETINS,-13616287.53,6050665.443
106,129705,716695,47.70184,-122.355674,"Seattle-Tacoma-Bellevue, WA",8430156E-10EE-DD11-BFE8-001EC9ACE3EE,1002017391,130025,1076119,11087,GREENWOOD AV N WL 121F S/O N 101ST NF-2,N,49763,POSTERS,-13620571.33,6057394.203
107,129656,716667,47.587365,-122.328703,"Seattle-Tacoma-Bellevue, WA",8430156E-10EE-DD11-BFE8-001EC9ACE3EE,1002017391,599458,1076064,16624,4TH AV S EL 400F N/O S HOLGATE ST NF-1,N,57995,BULLETINS,-13617568.93,6038479.569
108,129872,716807,47.618427,-122.345986,"Seattle-Tacoma-Bellevue, WA",8430156E-10EE-DD11-BFE8-001EC9ACE3EE,1002017391,130195,1076332,14069,DENNY WY SL 81F E/O TAYLOR AV N EF-1 (TRIVISION),E,89259,POSTERS,-13619492.86,6043607.828
109,129148,716326,47.690692,-122.307983,"Seattle-Tacoma-Bellevue, WA",8430156E-10EE-DD11-BFE8-001EC9ACE3EE,1002017391,129800,1075464,8063,LAKE CITY WY NE WL 159F N/O NE 85TH ST NF-2,N,55048,POSTERS,-13615262.39,6055550.403
110,134097,723645,47.602396,-122.334392,"Seattle-Tacoma-Bellevue, WA",8430156E-10EE-DD11-BFE8-001EC9ACE3EE,1002061868,130272,1098652,14925,1ST AV WL 42.6F S/O CHERRY ST SF-1 (TRIVISION),S,103510,POSTERS,-13618202.22,6040960.77
111,129182,716348,47.697778,-122.305102,"Seattle-Tacoma-Bellevue, WA",8430156E-10EE-DD11-BFE8-001EC9ACE3EE,1002017391,129807,1075506,8185,LAKE CITY WY NE EL 78F N/O NE 95TH ST NF-1,N,128831,BULLETINS,-13614941.68,6056722.331
112,129625,716645,47.5681,-122.338901,"Seattle-Tacoma-Bellevue, WA",8430156E-10EE-DD11-BFE8-001EC9ACE3EE,1002017391,130296,1076026,16187,E MARGINAL WY S EL 300F S/O DUWAMISH AV S SF-2,S,150383,POSTERS,-13618704.16,6035300.494
113,129746,716726,47.646023,-122.35015,"Seattle-Tacoma-Bellevue, WA",8430156E-10EE-DD11-BFE8-001EC9ACE3EE,1002017391,130104,1076176,12171,FREMONT AV N WL 89F N/O DEXTER AV N NWF-1,NW,217465,BULLETINS,-13619956.4,6048166.416
114,129377,716482,47.705224,-122.343924,"Seattle-Tacoma-Bellevue, WA",8430156E-10EE-DD11-BFE8-001EC9ACE3EE,1002017391,129991,1075738,9866,N NORTHGATE WY NL 186F E/O AURORA AV N EF-2,E,95041,POSTERS,-13619263.32,6057953.971
115,129029,716250,47.598744,-122.313361,"Seattle-Tacoma-Bellevue, WA",8430156E-10EE-DD11-BFE8-001EC9ACE3EE,1002017391,129673,1075323,6065,RAINIER AV S EL 148F N/O S KING ST SF-1,S,90289,POSTERS,-13615861.06,6040357.86
116,127204,715063,47.5718,-122.337931,"Seattle-Tacoma-Bellevue, WA",8430156E-10EE-DD11-BFE8-001EC9ACE3EE,1002017391,130454,1073179,17770,WEST SEATTLE BRIDGE NL 200F W/O COLORADO AV S WF-1,W,102882,POSTERS,-13618596.18,6035910.97
117,129348,716458,47.668845,-122.393602,"Seattle-Tacoma-Bellevue, WA",8430156E-10EE-DD11-BFE8-001EC9ACE3EE,1002017391,130062,1075700,11608,NW MARKET ST NL 171F W/O 28TH AV NW WF-1,W,42686,POSTERS,-13624793.45,6051938.206
118,128851,716130,47.538594,-122.2704,"Seattle-Tacoma-Bellevue, WA",8430156E-10EE-DD11-BFE8-001EC9ACE3EE,1002017391,129697,1075095,6491,RAINIER AV S EL 118F S/O S MYRTLE ST NF-1,N,57777,POSTERS,-13611078.67,6030433.734
119,129760,716734,47.555664,-122.322442,"Seattle-Tacoma-Bellevue, WA",8430156E-10EE-DD11-BFE8-001EC9ACE3EE,1002017391,130416,1076190,17391,AIRPORT WY S WL 1000F N/O S LUCILLE ST SF-1,S,31582,POSTERS,-13616871.96,6033248.949
120,129369,716476,47.704879,-122.342768,"Seattle-Tacoma-Bellevue, WA",8430156E-10EE-DD11-BFE8-001EC9ACE3EE,1002017391,129992,1075729,9886,N NORTHGATE WY SL 341F E/O MIDVALE AV N WF-1,W,115229,BULLETINS,-13619134.64,6057896.901
121,129623,716644,47.553782,-122.337613,"Seattle-Tacoma-Bellevue, WA",8430156E-10EE-DD11-BFE8-001EC9ACE3EE,1002017391,130297,1076024,16207,E MARGINAL WY S WL 123F S/O BRANDON ST NF-1,N,231413,BULLETINS,-13618560.78,6032938.521
122,129483,716556,47.548441,-122.31515,"Seattle-Tacoma-Bellevue, WA",8430156E-10EE-DD11-BFE8-001EC9ACE3EE,1002017391,130413,1075868,17350,AIRPORT WY S EL 60F S/O S JUNEAU ST SF-2,S,42442,POSTERS,-13616060.21,6032057.607
123,129579,716614,47.632599,-122.343742,"Seattle-Tacoma-Bellevue, WA",8430156E-10EE-DD11-BFE8-001EC9ACE3EE,1002017391,130179,1075968,13024,AURORA AV N WL 74F N/O GALER ST NF-1,N,298761,BULLETINS,-13619243.06,6045948.603
124,127539,715272,47.562284,-122.379743,"Seattle-Tacoma-Bellevue, WA",8430156E-10EE-DD11-BFE8-001EC9ACE3EE,1002017391,130466,1073551,18064,FAUNTLEROY WY SW SL 81F E/O 38TH AV SW WF-1,W,92126,POSTERS,-13623250.67,6034340.978
125,129657,716667,47.587365,-122.328703,"Seattle-Tacoma-Bellevue, WA",8430156E-10EE-DD11-BFE8-001EC9ACE3EE,1002017391,130343,1076065,16625,4TH AV S EL 400F N/O S HOLGATE ST SF-2,S,72361,BULLETINS,-13617568.93,6038479.569
126,128478,715868,47.53899,-122.32181,"Seattle-Tacoma-Bellevue, WA",8430156E-10EE-DD11-BFE8-001EC9ACE3EE,1002017391,14910734,1074629,16941,E MARGINAL WY S WL 200F S/O S MYRTLE ST NF-2,N,58510,POSTERS,-13616801.6,6030499.033
127,128607,715952,47.562812,-122.3344,"Seattle-Tacoma-Bellevue, WA",8430156E-10EE-DD11-BFE8-001EC9ACE3EE,1002017391,130306,1074779,16290,1ST AV VIADUCT WL 338F N/O DENVER AV S NF-2,N,44304,POSTERS,-13618203.11,6034428.083
128,129284,716413,47.725853,-122.292077,"Seattle-Tacoma-Bellevue, WA",8430156E-10EE-DD11-BFE8-001EC9ACE3EE,1002017391,129831,1075630,8419,LAKE CITY WY NE EL 206F S/O NE 135TH ST SF-2,S,87187,POSTERS,-13613491.74,6061367.124
129,128273,715730,47.552029,-122.333928,"Seattle-Tacoma-Bellevue, WA",8430156E-10EE-DD11-BFE8-001EC9ACE3EE,1002017391,599456,1074386,16273,1ST AV S EL 20 F N/O ORCAS ST NF-1,N,49657,POSTERS,-13618150.57,6032649.382
130,129133,716317,47.570621,-122.325728,"Seattle-Tacoma-Bellevue, WA",8430156E-10EE-DD11-BFE8-001EC9ACE3EE,1002017391,130431,1075446,17559,6TH AV S EL 250F S/O S SPOKANE ST SF-2,S,35624,POSTERS,-13617237.75,6035716.438
131,128027,715564,47.54521,-122.376639,"Seattle-Tacoma-Bellevue, WA",8430156E-10EE-DD11-BFE8-001EC9ACE3EE,1002017391,130472,1074096,18127,35TH AV SW WL 191F N/O SW MORGAN ST NF-1,N,85078,POSTERS,-13622905.14,6031524.748
132,129708,716698,47.698361,-122.355163,"Seattle-Tacoma-Bellevue, WA",8430156E-10EE-DD11-BFE8-001EC9ACE3EE,1002017391,130028,1076126,11128,GREENWOOD AV N EL 213F N/O N 95TH ST NF-1,N,38929,POSTERS,-13620514.44,6056818.759
133,128102,715613,47.507088,-122.330739,"Seattle-Tacoma-Bellevue, WA",8430156E-10EE-DD11-BFE8-001EC9ACE3EE,1002017391,130549,1074186,20626,MYERS WY S NL 28F W/O 2ND AV S WF-1,W,17335,POSTERS,-13617795.57,6025240.114
134,129720,716709,47.561675,-122.334403,"Seattle-Tacoma-Bellevue, WA",8430156E-10EE-DD11-BFE8-001EC9ACE3EE,1002017391,130304,1076146,16279,1ST AV WL 100F N/O DENVER AV S NF-2,N,44304,POSTERS,-13618203.45,6034240.512
135,128616,715959,47.599361,-122.297206,"Seattle-Tacoma-Bellevue, WA",8430156E-10EE-DD11-BFE8-001EC9ACE3EE,1002017391,129733,1074792,6984,MLK JR WY S EL 51F N/O S JACKSON ST SF-2,S,92794,POSTERS,-13614062.7,6040459.718
136,129019,716241,47.599151,-122.306915,"Seattle-Tacoma-Bellevue, WA",8430156E-10EE-DD11-BFE8-001EC9ACE3EE,1002017391,129730,1075308,6962,S JACKSON ST SL 180F W/O 20TH AV S EF-1,E,49591,POSTERS,-13615143.5,6040425.05
137,128834,716119,47.539387,-122.270622,"Seattle-Tacoma-Bellevue, WA",8430156E-10EE-DD11-BFE8-001EC9ACE3EE,1002017391,129695,1075074,6451,RAINIER AV S EL 183F S/O S FRONTENAC ST NF-1,N,58261,POSTERS,-13611103.38,6030564.497
138,129409,716503,47.684979,-122.344683,"Seattle-Tacoma-Bellevue, WA",8430156E-10EE-DD11-BFE8-001EC9ACE3EE,1002017391,130012,1075775,10134,AURORA AV N WL 88F N/O N 77TH ST SF-1,S,103954,POSTERS,-13619347.81,6054605.666
139,128665,715990,47.574823,-122.328794,"Seattle-Tacoma-Bellevue, WA",8430156E-10EE-DD11-BFE8-001EC9ACE3EE,1002017391,130354,1074851,16681,4TH AV S EL 164F N/O S HORTON ST SF-2,S,114894,POSTERS,-13617579.06,6036409.778
140,161533,723639,47.621775,-122.346537,"Seattle-Tacoma-Bellevue, WA",8430156E-10EE-DD11-BFE8-001EC9ACE3EE,1002061868,30916641,1154267,14007,HARRISON ST SL 40F W/O TAYLOR AVE N NE-2,NE,67421,POSTERS,-13619554.2,6044160.757
141,129365,716471,47.663812,-122.36984,"Seattle-Tacoma-Bellevue, WA",8430156E-10EE-DD11-BFE8-001EC9ACE3EE,1002017391,130076,1075721,11797,LEARY WY NW NL 214F E/O 11TH AV NW WF-1,W,45397,POSTERS,-13622148.28,6051106.261
142,128796,716095,47.57206,-122.333855,"Seattle-Tacoma-Bellevue, WA",8430156E-10EE-DD11-BFE8-001EC9ACE3EE,1002017391,130310,1075031,16331,1ST AV S EL 110F N/O S SPOKANE ST NF-1,N,62965,BULLETINS,-13618142.45,6035953.87
143,128991,716223,47.600723,-122.329416,"Seattle-Tacoma-Bellevue, WA",8430156E-10EE-DD11-BFE8-001EC9ACE3EE,1002017391,130339,1075272,16541,4TH AV S WL 52F S/O S WASHINGTON ST SF-1 (TRIVISION),S,202120,BULLETINS,-13617648.3,6040684.569
144,129604,716631,47.574821,-122.339067,"Seattle-Tacoma-Bellevue, WA",8430156E-10EE-DD11-BFE8-001EC9ACE3EE,1002017391,130288,1075996,16103,ALASKAN WY VIADUCT S EL 143F N/O S HORTON ST SF-2 (TRIVISION),S,320801,BULLETINS,-13618722.64,6036409.448
145,129595,716626,47.578514,-122.339043,"Seattle-Tacoma-Bellevue, WA",8430156E-10EE-DD11-BFE8-001EC9ACE3EE,1002017391,130284,1075987,16061,ALASKAN WY VIADUCT EL 533F S/O S LANDER ST SF-2,S,252474,POSTERS,-13618719.97,6037018.848
146,132597,721054,47.569153,-122.338891,"Seattle-Tacoma-Bellevue, WA",8430156E-10EE-DD11-BFE8-001EC9ACE3EE,1002017391,30784788,1088312,16134,ALASKAN WY VIADUCT EL .14M S/O S SPOKANE ST SF,S,183711,BULLETINS,-13618703.05,6035474.228
147,129457,716539,47.723054,-122.340491,"Seattle-Tacoma-Bellevue, WA",8430156E-10EE-DD11-BFE8-001EC9ACE3EE,1002017391,129970,1075837,9674,N 130TH ST SL 171F W/O ASHWORTH AV N WF-2,W,74667,POSTERS,-13618881.16,6060903.938
148,128653,715982,47.5697,-122.3401,"Seattle-Tacoma-Bellevue, WA",8430156E-10EE-DD11-BFE8-001EC9ACE3EE,1002017391,30609440,1074837,16177,ALASKAN WY VIADUCT WL 100F N/O DUWAMISH AV S NF-2,N,213934,BULLETINS,-13618837.64,6035564.479
149,129346,716457,47.731274,-122.29208,"Seattle-Tacoma-Bellevue, WA",8430156E-10EE-DD11-BFE8-001EC9ACE3EE,1002017391,129841,1075698,8524,LAKE CITY WY NE EL 257F S/O NE 143RD ST NF-1,N,110300,POSTERS,-13613492.07,6062264.275
150,130028,716904,47.630822,-122.373493,"Seattle-Tacoma-Bellevue, WA",8430156E-10EE-DD11-BFE8-001EC9ACE3EE,1002017391,130142,1076509,12628,ELLIOTT AV W EL 170F N/O W LEE ST SF-2,S,108881,POSTERS,-13622554.93,6045655.063
151,128694,716009,47.52153,-122.279932,"Seattle-Tacoma-Bellevue, WA",8430156E-10EE-DD11-BFE8-001EC9ACE3EE,1002017391,129709,1074887,6634,MLK JR WY S WL 128F S/O S DIRECTOR NF-2,N,103927,POSTERS,-13612139.76,6027620.425
152,129632,716652,47.6337,-122.377071,"Seattle-Tacoma-Bellevue, WA",8430156E-10EE-DD11-BFE8-001EC9ACE3EE,1002017391,130134,1076037,12525,W GARFIELD ST NL 230F W/O 15TH AV W WF-1,W,53120,POSTERS,-13622953.23,6046130.48
153,129303,716426,47.67567,-122.37595,"Seattle-Tacoma-Bellevue, WA",8430156E-10EE-DD11-BFE8-001EC9ACE3EE,1002017391,130053,1075651,11523,15TH AV NW EL 131F S/O NW 65TH ST NF-1,N,120658,POSTERS,-13622828.44,6053066.493
154,129326,716443,47.55328,-122.321201,"Seattle-Tacoma-Bellevue, WA",8430156E-10EE-DD11-BFE8-001EC9ACE3EE,1002017391,130414,1075676,17370,AIRPORT WY S WL 37F S/O S LUCILLE ST NF-1,N,57490,POSTERS,-13616733.81,6032855.72
155,129132,716317,47.570621,-122.325728,"Seattle-Tacoma-Bellevue, WA",8430156E-10EE-DD11-BFE8-001EC9ACE3EE,1002017391,130430,1075445,17558,6TH AV S EL 250F S/O S SPOKANE ST NF-1,N,28180,POSTERS,-13617237.75,6035716.438
156,129944,716851,47.626026,-122.367187,"Seattle-Tacoma-Bellevue, WA",8430156E-10EE-DD11-BFE8-001EC9ACE3EE,1002017391,130154,1076414,12754,ELLIOTT AV W EL 256F S/O W MERCER PL NF-1,N,127402,POSTERS,-13621852.95,6044862.868
157,127193,715058,47.571846,-122.337361,"Seattle-Tacoma-Bellevue, WA",8430156E-10EE-DD11-BFE8-001EC9ACE3EE,1002017391,130450,1073168,17749,WEST SEATTLE BRIDGE NL 43F W/O COLORADO AV S WF-1,W,102010,POSTERS,-13618532.73,6035918.56
158,129376,716482,47.705224,-122.343924,"Seattle-Tacoma-Bellevue, WA",8430156E-10EE-DD11-BFE8-001EC9ACE3EE,1002017391,129990,1075737,9865,N NORTHGATE WY NL 186F E/O AURORA AV N WF-1,W,70999,POSTERS,-13619263.32,6057953.971
159,129224,716373,47.540077,-122.323821,"Seattle-Tacoma-Bellevue, WA",8430156E-10EE-DD11-BFE8-001EC9ACE3EE,1002017391,619234,1075557,16924,E MARGINAL WY S WL 20F S/O CORSON AV SF-1,S,56466,BULLETINS,-13617025.47,6030678.277
160,127529,715268,47.563198,-122.378388,"Seattle-Tacoma-Bellevue, WA",8430156E-10EE-DD11-BFE8-001EC9ACE3EE,1002017391,3637135,1073541,18039,FAUNTLEROY WY SW SL 97F N/O SW OREGON ST EF-1 (TRIVISION),NE,84062,POSTERS,-13623099.84,6034491.762
161,129286,716414,47.670476,-122.376433,"Seattle-Tacoma-Bellevue, WA",8430156E-10EE-DD11-BFE8-001EC9ACE3EE,1002017391,130057,1075632,11565,15TH AV NW WL 97F N/O NW 57TH ST NF-2,N,114023,POSTERS,-13622882.21,6052207.824
162,134096,723645,47.602396,-122.334392,"Seattle-Tacoma-Bellevue, WA",8430156E-10EE-DD11-BFE8-001EC9ACE3EE,1002061868,130271,1098651,14924,1ST AV WL 42.6F S/O CHERRY ST SF-1 (TRIVISION),S,103510,POSTERS,-13618202.22,6040960.77
163,129993,716882,47.62849,-122.370497,"Seattle-Tacoma-Bellevue, WA",8430156E-10EE-DD11-BFE8-001EC9ACE3EE,1002017391,130143,1076469,12648,ELLIOTT AVE W EL 70F S/O W PROSPECT ST NF-1,N,110742,POSTERS,-13622221.41,6045269.858
164,134259,723783,47.732837,-122.34533,"Seattle-Tacoma-Bellevue, WA",8430156E-10EE-DD11-BFE8-001EC9ACE3EE,1002061868,14910743,1099023,9623,AURORA AV N WL 386F S/O N 145TH ST NF-2,N,132358,POSTERS,-13619419.84,6062522.961
165,126942,714891,47.571906,-122.333021,"Seattle-Tacoma-Bellevue, WA",8430156E-10EE-DD11-BFE8-001EC9ACE3EE,1002017391,130441,1072863,17664,WEST SEATTLE BRIDGE NL 332F E/O 1ST AV S WF-1 (TRIVISION),W,100190,POSTERS,-13618049.6,6035928.46
166,129465,716545,47.656432,-122.347041,"Seattle-Tacoma-Bellevue, WA",8430156E-10EE-DD11-BFE8-001EC9ACE3EE,1002017391,130091,1075847,12063,AURORA AV N EL 97F S/O N 41ST ST NF-1,N,117461,POSTERS,-13619610.3,6049886.506
167,129071,716274,47.595336,-122.326227,"Seattle-Tacoma-Bellevue, WA",8430156E-10EE-DD11-BFE8-001EC9ACE3EE,1002017391,130423,1075368,17494,AIRPORT WY S EL 34F S/O 6TH AV S NWF-1,NW,22249,POSTERS,-13617293.3,6039795.271
168,129744,716724,47.558151,-122.329829,"Seattle-Tacoma-Bellevue, WA",8430156E-10EE-DD11-BFE8-001EC9ACE3EE,1002017391,130361,1076174,16774,4TH AV S WL 918F N/O S DAWSON ST NF-2,N,61546,POSTERS,-13617694.27,6033659.186
169,129876,716807,47.618427,-122.345986,"Seattle-Tacoma-Bellevue, WA",8430156E-10EE-DD11-BFE8-001EC9ACE3EE,1002017391,130199,1076336,14073,DENNY WY SL 81F E/O TAYLOR AV N WF-2 (TRIVISION),W,103540,POSTERS,-13619492.86,6043607.828
170,129196,716355,47.546341,-122.316614,"Seattle-Tacoma-Bellevue, WA",8430156E-10EE-DD11-BFE8-001EC9ACE3EE,1002017391,606159,1075524,17318,S ALBRO PL NL 40F W/O 13TH AVE S WF-1,W,22387,POSTERS,-13616223.19,6031711.27
171,129020,716241,47.599151,-122.306915,"Seattle-Tacoma-Bellevue, WA",8430156E-10EE-DD11-BFE8-001EC9ACE3EE,1002017391,129731,1075309,6963,S JACKSON ST SL 180F W/O 20TH AV S WF-2,W,43646,POSTERS,-13615143.5,6040425.05
172,129111,716302,47.68937,-122.309772,"Seattle-Tacoma-Bellevue, WA",8430156E-10EE-DD11-BFE8-001EC9ACE3EE,1002017391,129801,1075417,8083,LAKE CITY WY NE WL 52F N/O 17TH AV NE SF-1,S,41898,POSTERS,-13615461.54,6055331.779
173,128059,715585,47.521947,-122.359554,"Seattle-Tacoma-Bellevue, WA",8430156E-10EE-DD11-BFE8-001EC9ACE3EE,1002017391,130484,1074137,19102,DELRIDGE WY SW WL 57F N/O 20TH AV SW NF-2,N,53060,POSTERS,-13621003.25,6027689.164
174,127205,715063,47.5718,-122.337931,"Seattle-Tacoma-Bellevue, WA",8430156E-10EE-DD11-BFE8-001EC9ACE3EE,1002017391,130455,1073180,17771,WEST SEATTLE BRIDGE NL 200F W/O COLORADO AV S EF-2 (TRIVISION),E,138051,POSTERS,-13618596.18,6035910.97
175,129694,716689,47.73384,-122.3447,"Seattle-Tacoma-Bellevue, WA",8430156E-10EE-DD11-BFE8-001EC9ACE3EE,1002017391,129962,1076106,9611,AURORA AV N EL 125F S/O N 145TH ST NF-1,N,180182,BULLETINS,-13619349.71,6062688.969
176,134093,723641,47.621351,-122.347092,"Seattle-Tacoma-Bellevue, WA",8430156E-10EE-DD11-BFE8-001EC9ACE3EE,1002061868,130190,1098646,14026,BROAD ST NL 262F E/O 5TH AVE N WF-1 (TRIVISION),W,60397,POSTERS,-13619615.98,6044090.73
177,129702,716694,47.724176,-122.34555,"Seattle-Tacoma-Bellevue, WA",8430156E-10EE-DD11-BFE8-001EC9ACE3EE,1002017391,30456040,1076116,9652,AURORA AV N WL 273F N/O N 130TH ST SF-1,S,96739,POSTERS,-13619444.33,6061089.607
178,128324,715768,47.589375,-122.336446,"Seattle-Tacoma-Bellevue, WA",8430156E-10EE-DD11-BFE8-001EC9ACE3EE,1002017391,599455,1074447,16030,ALASKAN WY VIADUCT EL 313F S/O S ATLANTIC NF-1,N,172837,BULLETINS,-13618430.87,6038811.323
179,128858,716133,47.61553,-122.330081,"Seattle-Tacoma-Bellevue, WA",8430156E-10EE-DD11-BFE8-001EC9ACE3EE,1002017391,130237,1075102,14452,OLIVE WY SL 128F E/O BOREN AV WF-2,W,189527,BULLETINS,-13617722.33,6043129.412
180,129706,716697,47.70095,-122.355656,"Seattle-Tacoma-Bellevue, WA",8430156E-10EE-DD11-BFE8-001EC9ACE3EE,1002017391,130026,1076124,11107,GREENWOOD AV N WL 161F S/O N 100TH ST SF-1,S,38375,POSTERS,-13620569.32,6057246.989
181,129068,716273,47.661145,-122.317192,"Seattle-Tacoma-Bellevue, WA",8430156E-10EE-DD11-BFE8-001EC9ACE3EE,1002017391,129786,1075365,7546,NE 45TH ST SL 133F E/O ROOSEVELT WY NE WF-1 (TRIVISION),W,141012,POSTERS,-13616287.53,6050665.443
182,126943,714891,47.571906,-122.333021,"Seattle-Tacoma-Bellevue, WA",8430156E-10EE-DD11-BFE8-001EC9ACE3EE,1002017391,130442,1072864,17665,WEST SEATTLE BRIDGE NL 332F E/O 1ST AV S EF-2 (TRIVISION),E,135292,POSTERS,-13618049.6,6035928.46
183,129543,716594,47.633808,-122.343619,"Seattle-Tacoma-Bellevue, WA",8430156E-10EE-DD11-BFE8-001EC9ACE3EE,1002017391,130177,1075930,13003,AURORA AV N WL 135F N/O GARFIELD ST SF-1,S,187760,POSTERS,-13619229.37,6046148.321
184,129387,716491,47.709139,-122.333756,"Seattle-Tacoma-Bellevue, WA",8430156E-10EE-DD11-BFE8-001EC9ACE3EE,1002017391,129994,1075751,9926,MERIDIAN AV N EL 180F N/O NORTHGATE WY NF-1,N,35401,POSTERS,-13618131.42,6058601.62
185,129683,716683,47.583492,-122.328703,"Seattle-Tacoma-Bellevue, WA",8430156E-10EE-DD11-BFE8-001EC9ACE3EE,1002017391,130344,1076096,16630,4TH AV S EL 100F S/O WALKER ST SF-2,S,136319,BULLETINS,-13617568.93,6037840.36
186,129467,716546,47.715367,-122.3446,"Seattle-Tacoma-Bellevue, WA",8430156E-10EE-DD11-BFE8-001EC9ACE3EE,1002017391,129977,1075849,9757,AURORA AV N EL 1349F N/O N 115TH ST NF-1,N,90915,POSTERS,-13619338.57,6059632.003
187,129251,716391,47.557378,-122.323065,"Seattle-Tacoma-Bellevue, WA",8430156E-10EE-DD11-BFE8-001EC9ACE3EE,1002017391,130418,1075588,17412,AIRPORT WY S WL 897F S/O S EDMUNDS ST NF-2,N,40128,POSTERS,-13616941.31,6033531.676
188,128672,715994,47.517808,-122.279229,"Seattle-Tacoma-Bellevue, WA",8430156E-10EE-DD11-BFE8-001EC9ACE3EE,1002017391,129705,1074858,6592,MLK JR WY S EL 289F N/O MERTON WY S SF-2,S,104622,POSTERS,-13612061.51,6027006.907
189,128290,715741,47.498246,-122.308457,"Seattle-Tacoma-Bellevue, WA",8430156E-10EE-DD11-BFE8-001EC9ACE3EE,1002017391,130581,1074405,20981,DES MOINES WY S WL 309F N/O S 118TH ST SF-1,S,35539,POSTERS,-13615315.15,6023783.111
190,128518,715895,47.63734,-122.376446,"Seattle-Tacoma-Bellevue, WA",8430156E-10EE-DD11-BFE8-001EC9ACE3EE,1002017391,30454044,1074674,12450,15TH AV W WL 42F S/O W ARMORY WY NF-1,N,164095,BULLETINS,-13622883.65,6046731.81
191,129414,716506,47.664602,-122.347578,"Seattle-Tacoma-Bellevue, WA",8430156E-10EE-DD11-BFE8-001EC9ACE3EE,1002017391,130086,1075782,12001,AURORA AV N WL 105F S/O N 50TH ST NF-1,N,188808,POSTERS,-13619670.08,6051236.841
192,128783,716085,47.594879,-122.325468,"Seattle-Tacoma-Bellevue, WA",8430156E-10EE-DD11-BFE8-001EC9ACE3EE,1002017391,130422,1075015,17474,AIRPORT WY S EL 19F S/O CHARLES ST SEF-2,SE,27118,POSTERS,-13617208.81,6039719.833
193,129871,716807,47.618427,-122.345986,"Seattle-Tacoma-Bellevue, WA",8430156E-10EE-DD11-BFE8-001EC9ACE3EE,1002017391,130194,1076331,14068,DENNY WY SL 81F E/O TAYLOR AV N EF-1 (TRIVISION),E,89259,POSTERS,-13619492.86,6043607.828
194,129419,716510,47.685757,-122.344708,"Seattle-Tacoma-Bellevue, WA",8430156E-10EE-DD11-BFE8-001EC9ACE3EE,1002017391,130011,1075788,10114,AURORA AV N WL 69F N/O N 78TH ST SF-1,S,107315,POSTERS,-13619350.6,6054734.314
195,129643,716658,47.648282,-122.38173,"Seattle-Tacoma-Bellevue, WA",8430156E-10EE-DD11-BFE8-001EC9ACE3EE,1002017391,130119,1076048,12338,W DRAVUS ST SL 61F E/O 20TH AV W EF-1,E,56557,POSTERS,-13623471.87,6048539.687
196,129429,716518,47.723049,-122.343651,"Seattle-Tacoma-Bellevue, WA",8430156E-10EE-DD11-BFE8-001EC9ACE3EE,1002017391,129971,1075799,9694,N 130TH ST SL 376F E/O AURORA AV N EF-1,E,58618,POSTERS,-13619232.93,6060903.111
197,129709,716698,47.698361,-122.355163,"Seattle-Tacoma-Bellevue, WA",8430156E-10EE-DD11-BFE8-001EC9ACE3EE,1002017391,130029,1076127,11129,GREENWOOD AV N EL 213F N/O N 95TH ST SF-2,S,49505,POSTERS,-13620514.44,6056818.759
198,129608,716634,47.572367,-122.338981,"Seattle-Tacoma-Bellevue, WA",8430156E-10EE-DD11-BFE8-001EC9ACE3EE,1002017391,130290,1076005,16124,ALASKAN WY VIADUCT EL 240F N/O SW SPOKANE ST SF-2,S,304784,BULLETINS,-13618713.07,6036004.526
199,128532,715904,47.530762,-122.334006,"Seattle-Tacoma-Bellevue, WA",8430156E-10EE-DD11-BFE8-001EC9ACE3EE,1002017391,130553,1074690,20668,SH 509 EL 404F S/O S KENYON ST NF-1,N,134315,POSTERS,-13618159.25,6029142.373
200,127521,715263,47.564189,-122.377903,"Seattle-Tacoma-Bellevue, WA",8430156E-10EE-DD11-BFE8-001EC9ACE3EE,1002017391,130460,1073533,18000,FAUNTLEROY WY SW NL 93F W/O 36TH AV SW SWF-1,SW,103005,POSTERS,-13623045.85,6034655.251
201,128937,716184,47.59573,-122.31112,"Seattle-Tacoma-Bellevue, WA",8430156E-10EE-DD11-BFE8-001EC9ACE3EE,1002017391,129676,1075203,6125,RAINIER AV S EL 32F S/O S DEARBORN ST NF-1,W,209919,BULLETINS,-13615611.6,6039860.31
202,129874,716807,47.618427,-122.345986,"Seattle-Tacoma-Bellevue, WA",8430156E-10EE-DD11-BFE8-001EC9ACE3EE,1002017391,130197,1076334,14071,DENNY WY SL 81F E/O TAYLOR AV N WF-2 (TRIVISION),W,103540,POSTERS,-13619492.86,6043607.828
203,132596,721054,47.569153,-122.338891,"Seattle-Tacoma-Bellevue, WA",8430156E-10EE-DD11-BFE8-001EC9ACE3EE,1002017391,30784787,1088311,16133,ALASKAN WY VIADUCT EL .14M S/O S SPOKANE ST NF,N,145060,BULLETINS,-13618703.05,6035474.228
204,128562,715921,47.529736,-122.327252,"Seattle-Tacoma-Bellevue, WA",8430156E-10EE-DD11-BFE8-001EC9ACE3EE,1002017391,130563,1074724,20773,W MARGINAL WY S EL 24F S/O S SOUTHERN ST NF-1,N,76060,POSTERS,-13617407.4,6028973.218
205,129211,716364,47.701782,-122.301803,"Seattle-Tacoma-Bellevue, WA",8430156E-10EE-DD11-BFE8-001EC9ACE3EE,1002017391,129815,1075541,8227,LAKE CITY WY NE EL 128F S/O FISCHER PL NE SF-2,N,105820,POSTERS,-13614574.43,6057384.609
206,128103,715613,47.507088,-122.330739,"Seattle-Tacoma-Bellevue, WA",8430156E-10EE-DD11-BFE8-001EC9ACE3EE,1002017391,130550,1074187,20627,MYERS WY S NL 28F W/O 2ND AV S EF-2,E,16135,POSTERS,-13617795.57,6025240.114
207,140690,716234,47.60047,-122.327855,"Seattle-Tacoma-Bellevue, WA",8430156E-10EE-DD11-BFE8-001EC9ACE3EE,1002017391,30834476,1113971,16602,5TH AV S WL 132F S/O S WASHINGTON ST NF-1 (TRIVISION),N,25409,POSTERS,-13617474.53,6040642.801
208,129452,716537,47.7073,-122.344439,"Seattle-Tacoma-Bellevue, WA",8430156E-10EE-DD11-BFE8-001EC9ACE3EE,1002017391,129980,1075832,9798,AURORA AV N EL 163F N/O 107TH ST NF-1,N,127843,BULLETINS,-13619320.65,6058297.392
209,129363,716470,47.704923,-122.34228,"Seattle-Tacoma-Bellevue, WA",8430156E-10EE-DD11-BFE8-001EC9ACE3EE,1002017391,129993,1075719,9906,N NORTHGATE WY SL 72F W/O STONE AV N EF-1,E,76578,POSTERS,-13619080.31,6057904.179
210,129235,716380,47.665797,-122.37646,"Seattle-Tacoma-Bellevue, WA",8430156E-10EE-DD11-BFE8-001EC9ACE3EE,1002017391,130064,1075568,11650,15TH AV NW WL 39F N/O NW 51ST ST SF-1,S,145224,POSTERS,-13622885.21,6051434.368
211,128657,715985,47.558703,-122.32929,"Seattle-Tacoma-Bellevue, WA",8430156E-10EE-DD11-BFE8-001EC9ACE3EE,1002017391,130358,1074841,16763,4TH AV S VIADUCT EL 1116F N/O S DAWSON ST NF-1,N,38946,POSTERS,-13617634.27,6033750.243
212,129170,716338,47.661368,-122.376588,"Seattle-Tacoma-Bellevue, WA",8430156E-10EE-DD11-BFE8-001EC9ACE3EE,1002017391,130073,1075488,11735,15TH AV NW WL 38F S/O SHILSHOLE AV NW NF-2,N,291133,BULLETINS,-13622899.46,6050702.301
213,129801,716756,47.646605,-122.350429,"Seattle-Tacoma-Bellevue, WA",8430156E-10EE-DD11-BFE8-001EC9ACE3EE,1002017391,130105,1076235,12191,NICKERSON ST NL 235F E/O FLORENTIA ST WF-1,W,60223,POSTERS,-13619987.45,6048262.583
214,129693,716688,47.728976,-122.345381,"Seattle-Tacoma-Bellevue, WA",8430156E-10EE-DD11-BFE8-001EC9ACE3EE,1002017391,129967,1076105,9633,AURORA AV N WL 97F N/O N 137TH ST NF-2,N,131326,POSTERS,-13619425.51,6061883.955
215,127212,715066,47.586346,-122.331755,"Seattle-Tacoma-Bellevue, WA",8430156E-10EE-DD11-BFE8-001EC9ACE3EE,1002017391,130314,1073187,16413,S HOLGATE ST NL 369.4F E/O OCCIDENTAL AV S WF-1,W,30496,POSTERS,-13617908.67,6038311.386
216,128274,715730,47.552029,-122.333928,"Seattle-Tacoma-Bellevue, WA",8430156E-10EE-DD11-BFE8-001EC9ACE3EE,1002017391,599457,1074387,16274,1ST AV S EL 20 F N/O ORCAS ST SF-2,S,64719,POSTERS,-13618150.57,6032649.382
217,128041,715574,47.569867,-122.362466,"Seattle-Tacoma-Bellevue, WA",8430156E-10EE-DD11-BFE8-001EC9ACE3EE,1002017391,130478,1074119,19041,DELRIDGE WY SW WL 13F S/O SW CHARLESTON ST NF-2,N,81308,POSTERS,-13621327.41,6035592.032
218,129588,716620,47.544478,-122.33116,"Seattle-Tacoma-Bellevue, WA",8430156E-10EE-DD11-BFE8-001EC9ACE3EE,1002017391,130374,1075978,16872,E MARGINAL WY S WL 148F S/O S MICHIGAN ST NF-1,N,139288,BULLETINS,-13617842.44,6031404.03
219,128529,715901,47.547217,-122.323255,"Seattle-Tacoma-Bellevue, WA",8430156E-10EE-DD11-BFE8-001EC9ACE3EE,1002017391,30458490,1074685,16901,S MICHIGAN ST NL 500F W/O CORSON AV S EF-2,E,138857,POSTERS,-13616962.46,6031855.74
220,126930,714886,47.571948,-122.330194,"Seattle-Tacoma-Bellevue, WA",8430156E-10EE-DD11-BFE8-001EC9ACE3EE,1002017391,130437,1072851,17641,WEST SEATTLE BRIDGE NL 281F W/O 4TH AV S WF-1,W,132685,BULLETINS,-13617734.9,6035935.39
221,129441,716526,47.662389,-122.34758,"Seattle-Tacoma-Bellevue, WA",8430156E-10EE-DD11-BFE8-001EC9ACE3EE,1002017391,130090,1075814,12043,AURORA AV N WL 70F N/O N 46TH ST NF-2,N,188808,POSTERS,-13619670.31,6050871.056
222,129594,716626,47.578514,-122.339043,"Seattle-Tacoma-Bellevue, WA",8430156E-10EE-DD11-BFE8-001EC9ACE3EE,1002017391,130283,1075986,16060,ALASKAN WY VIADUCT EL 533F S/O S LANDER ST NF-1,N,188656,POSTERS,-13618719.97,6037018.848
223,129726,716713,47.579602,-122.32984,"Seattle-Tacoma-Bellevue, WA",8430156E-10EE-DD11-BFE8-001EC9ACE3EE,1002017391,130351,1076152,16665,S LANDER ST SL 10F E/O 3RD AV A EF-1,E,35605,POSTERS,-13617695.5,6037198.392
224,128753,716057,47.612109,-122.295797,"Seattle-Tacoma-Bellevue, WA",8430156E-10EE-DD11-BFE8-001EC9ACE3EE,1002017391,129734,1074965,7004,MLK JR WY S EL 144F N/O E SPRING ST NF-1,N,54796,POSTERS,-13613905.85,6042564.495
225,128582,715936,47.522289,-122.314675,"Seattle-Tacoma-Bellevue, WA",8430156E-10EE-DD11-BFE8-001EC9ACE3EE,1002017391,130572,1074749,20858,14TH AV S EL 26F N/O S DIRECTOR ST SF-2,S,41078,POSTERS,-13616007.34,6027745.54
226,129400,716499,47.652134,-122.35476,"Seattle-Tacoma-Bellevue, WA",8430156E-10EE-DD11-BFE8-001EC9ACE3EE,1002017391,130083,1075766,11880,N 36TH ST SL 77F W/O PHINNEY AV N EF-1,E,54180,POSTERS,-13620469.58,6049176.219
227,129268,716400,47.709281,-122.301331,"Seattle-Tacoma-Bellevue, WA",8430156E-10EE-DD11-BFE8-001EC9ACE3EE,1002017391,129822,1075610,8310,LAKE CITY WY NE WL 336F N/O NE 110TH ST NF-2,N,165097,BULLETINS,-13614521.89,6058625.111
228,129107,716295,47.687381,-122.312661,"Seattle-Tacoma-Bellevue, WA",8430156E-10EE-DD11-BFE8-001EC9ACE3EE,1002017391,129798,1075405,8042,LAKE CITY WY NE WL 140F S/O 15TH AV NE NF-2,N,52591,POSTERS,-13615783.14,6055002.863
229,129634,716653,47.633904,-122.376441,"Seattle-Tacoma-Bellevue, WA",8430156E-10EE-DD11-BFE8-001EC9ACE3EE,1002017391,130130,1076039,12502,15TH AV W WL 108F N/O W GARFIELD ST SF-1,S,181135,POSTERS,-13622883.1,6046164.18
230,129875,716807,47.618427,-122.345986,"Seattle-Tacoma-Bellevue, WA",8430156E-10EE-DD11-BFE8-001EC9ACE3EE,1002017391,130198,1076335,14072,DENNY WY SL 81F E/O TAYLOR AV N WF-2 (TRIVISION),W,103540,POSTERS,-13619492.86,6043607.828
231,128539,715910,47.579043,-122.328684,"Seattle-Tacoma-Bellevue, WA",8430156E-10EE-DD11-BFE8-001EC9ACE3EE,1002017391,30458487,1074701,16674,4TH AV S EL 115F S/O LANDER ST NF-1,N,106979,BULLETINS,-13617566.81,6037106.144
232,129484,716557,47.640774,-122.346631,"Seattle-Tacoma-Bellevue, WA",8430156E-10EE-DD11-BFE8-001EC9ACE3EE,1002017391,130175,1075869,12963,AURORA AV N WL 19F N/O WHEELER ST NF-1,N,236687,POSTERS,-13619564.66,6047299.147
233,129366,716471,47.663812,-122.36984,"Seattle-Tacoma-Bellevue, WA",8430156E-10EE-DD11-BFE8-001EC9ACE3EE,1002017391,130077,1075722,11798,LEARY WY NW NL 214F E/O 11TH AV NW EF-2,E,57358,POSTERS,-13622148.28,6051106.261
234,129385,716490,47.720925,-122.344595,"Seattle-Tacoma-Bellevue, WA",8430156E-10EE-DD11-BFE8-001EC9ACE3EE,1002017391,30548336,1075749,9715,AURORA AV N EL 478F N/O N 125TH ST NF-1,N,126223,BULLETINS,-13619338.02,6060551.643
235,128901,716160,47.550282,-122.277017,"Seattle-Tacoma-Bellevue, WA",8430156E-10EE-DD11-BFE8-001EC9ACE3EE,1002017391,129691,1075154,6390,RAINIER AV S EL 45F S/O S MEAD ST NF-1,N,58612,POSTERS,-13611815.27,6032361.241
236,128282,715735,47.498632,-122.307342,"Seattle-Tacoma-Bellevue, WA",8430156E-10EE-DD11-BFE8-001EC9ACE3EE,1002017391,130580,1074395,20961,DES MOINES WY S EL 255F S/O S 116TH ST NF-1,N,57828,POSTERS,-13615191.03,6023846.712
237,128705,716017,47.550226,-122.287314,"Seattle-Tacoma-Bellevue, WA",8430156E-10EE-DD11-BFE8-001EC9ACE3EE,1002017391,129717,1074900,6737,MLK JR WY S EL 108F N/O S JUNEAU ST NF-1,N,53135,POSTERS,-13612961.53,6032352.005
238,129931,716842,47.61973,-122.359087,"Seattle-Tacoma-Bellevue, WA",8430156E-10EE-DD11-BFE8-001EC9ACE3EE,1002017391,130161,1076399,12816,WESTERN AV WL 40F S/O 2ND AV W SF-1,S,86075,POSTERS,-13620951.26,6043823.017
239,129372,716478,47.655124,-122.375934,"Seattle-Tacoma-Bellevue, WA",8430156E-10EE-DD11-BFE8-001EC9ACE3EE,1002017391,14910747,1075732,12247,15TH AV W EL 60F N/O W NICKERSON ST SF-2,S,289232,BULLETINS,-13622826.66,6049670.34
240,129790,716751,47.64767,-122.35268,"Seattle-Tacoma-Bellevue, WA",8430156E-10EE-DD11-BFE8-001EC9ACE3EE,1002017391,130108,1076224,12213,NICKERSON ST NL 108F E/O ETRURIA ST WF-1 (TRIVISION),W,57525,POSTERS,-13620238.03,6048438.56
241,129733,716718,47.566511,-122.329647,"Seattle-Tacoma-Bellevue, WA",8430156E-10EE-DD11-BFE8-001EC9ACE3EE,1002017391,130357,1076162,16743,4TH AV S WL 220F S/O INDUSTRIAL WY NF-2,N,70136,POSTERS,-13617674.01,6035038.332
242,128905,716163,47.617339,-122.33377,"Seattle-Tacoma-Bellevue, WA",8430156E-10EE-DD11-BFE8-001EC9ACE3EE,1002017391,130247,1075158,14557,BOREN AV WL 290F N/O STEWART ST NF-2,N,119021,BULLETINS,-13618132.98,6043428.151
243,128591,715942,47.56469,-122.32902,"Seattle-Tacoma-Bellevue, WA",8430156E-10EE-DD11-BFE8-001EC9ACE3EE,1002017391,30571497,1074759,16753,4TH AV S EL 920F S/O S INDUSTRIAL WY NF-1,N,66978,BULLETINS,-13617604.22,6034737.904
244,129225,716373,47.540077,-122.323821,"Seattle-Tacoma-Bellevue, WA",8430156E-10EE-DD11-BFE8-001EC9ACE3EE,1002017391,606167,1075558,16925,E MARGINAL WY S WL 20F S/O CORSON AV NF-2,N,103454,BULLETINS,-13617025.47,6030678.277
245,129250,716391,47.557378,-122.323065,"Seattle-Tacoma-Bellevue, WA",8430156E-10EE-DD11-BFE8-001EC9ACE3EE,1002017391,130417,1075587,17411,AIRPORT WY S WL 897F S/O S EDMUNDS ST SF-1,S,31578,POSTERS,-13616941.31,6033531.676
246,129610,716635,47.545258,-122.329145,"Seattle-Tacoma-Bellevue, WA",8430156E-10EE-DD11-BFE8-001EC9ACE3EE,1002017391,130376,1076007,16893,MICHIGAN ST SL 80F E/O 4TH AV S WF-2,W,222729,BULLETINS,-13617618.13,6031532.664
247,129932,716842,47.61973,-122.359087,"Seattle-Tacoma-Bellevue, WA",8430156E-10EE-DD11-BFE8-001EC9ACE3EE,1002017391,130162,1076400,12817,ELLIOTT AV WL 40F S/O 2ND AV W NF-2,N,197698,BULLETINS,-13620951.26,6043823.017
248,129613,716638,47.546037,-122.33345,"Seattle-Tacoma-Bellevue, WA",8430156E-10EE-DD11-BFE8-001EC9ACE3EE,1002017391,130368,1076012,16809,1ST AV S BRG EL 109F S/O E MARGINAL WY S NF-1,N,277799,BULLETINS,-13618097.36,6031661.134
249,128658,715985,47.558703,-122.32929,"Seattle-Tacoma-Bellevue, WA",8430156E-10EE-DD11-BFE8-001EC9ACE3EE,1002017391,130359,1074842,16764,4TH AV S VIADUCT EL 1116F N/O S DAWSON ST SF-2,S,50919,POSTERS,-13617634.27,6033750.243
250,128990,716223,47.600723,-122.329416,"Seattle-Tacoma-Bellevue, WA",8430156E-10EE-DD11-BFE8-001EC9ACE3EE,1002017391,130338,1075271,16540,4TH AV S WL 52F S/O S WASHINGTON ST SF-1 (TRIVISION),S,202120,BULLETINS,-13617648.3,6040684.569
251,129307,716429,47.604136,-122.331699,"Seattle-Tacoma-Bellevue, WA",8430156E-10EE-DD11-BFE8-001EC9ACE3EE,1002017391,7410543,1075656,16569,4TH AV WL 200F N/O CHERRY ST SF-1,S,226843,BULLETINS,-13617902.44,6041248.041
252,129371,716478,47.655124,-122.375934,"Seattle-Tacoma-Bellevue, WA",8430156E-10EE-DD11-BFE8-001EC9ACE3EE,1002017391,14910746,1075731,12246,15TH AV W EL 60F N/O W NICKERSON ST NF-1,N,177203,BULLETINS,-13622826.66,6049670.34
253,129698,716692,47.70535,-122.354739,"Seattle-Tacoma-Bellevue, WA",8430156E-10EE-DD11-BFE8-001EC9ACE3EE,1002017391,130014,1076112,11000,N 105TH ST NL 180F E/O GREENWOOD AV N WF-1,W,261938,BULLETINS,-13620467.24,6057974.814
254,128671,715994,47.517808,-122.279229,"Seattle-Tacoma-Bellevue, WA",8430156E-10EE-DD11-BFE8-001EC9ACE3EE,1002017391,129704,1074857,6591,MLK JR WY S EL 289F N/O MERTON WY S NF-1,N,81987,POSTERS,-13612061.51,6027006.907
255,128249,715716,47.515458,-122.314136,"Seattle-Tacoma-Bellevue, WA",8430156E-10EE-DD11-BFE8-001EC9ACE3EE,1002017391,130577,1074358,20920,DES MOINES WY S WL 165F N/O S 99TH ST NF-2,N,36500,POSTERS,-13615947.34,6026619.566
256,129089,716285,47.68593,-122.31472,"Seattle-Tacoma-Bellevue, WA",8430156E-10EE-DD11-BFE8-001EC9ACE3EE,1002017391,129795,1075387,8001,LAKE CITY WY NE WL 279F N/O NE 78TH ST NF-2,N,126365,BULLETINS,-13616012.35,6054762.922
257,126980,714912,47.57125,-122.336119,"Seattle-Tacoma-Bellevue, WA",8430156E-10EE-DD11-BFE8-001EC9ACE3EE,1002017391,130447,1072906,17708,WEST SEATTLE BRIDGE SL 152F W/O 1ST AV S WF-2,W,178135,BULLETINS,-13618394.47,6035820.221
258,129837,716777,47.508008,-122.277178,"Seattle-Tacoma-Bellevue, WA",8430156E-10EE-DD11-BFE8-001EC9ACE3EE,1002017391,129702,1076275,6581,S RYAN WY NL 300F E/O MLK JR WY S WF-1,W,123368,BULLETINS,-13611833.19,6025391.728
259,129317,716438,47.680795,-122.37654,"Seattle-Tacoma-Bellevue, WA",8430156E-10EE-DD11-BFE8-001EC9ACE3EE,1002017391,130048,1075669,11442,15TH AV NW EL 185F S/O NW 73RD ST NF-1,N,81996,POSTERS,-13622894.12,6053913.839
260,129293,716420,47.674185,-122.376451,"Seattle-Tacoma-Bellevue, WA",8430156E-10EE-DD11-BFE8-001EC9ACE3EE,1002017391,130055,1075639,11544,15TH AV NW WL 126F S/O NW 63RD ST NF-1,N,105858,POSTERS,-13622884.21,6052820.985
261,128880,716145,47.61534,-122.33029,"Seattle-Tacoma-Bellevue, WA",8430156E-10EE-DD11-BFE8-001EC9ACE3EE,1002017391,130235,1075126,14431,BOREN AV EL 111F S/O OLIVE WY NF-2,N,156891,POSTERS,-13617745.59,6043098.036
262,129614,716638,47.546037,-122.33345,"Seattle-Tacoma-Bellevue, WA",8430156E-10EE-DD11-BFE8-001EC9ACE3EE,1002017391,130369,1076013,16810,1ST AV S BRG EL 109F S/O E MARGINAL WY S SF-2,S,513753,BULLETINS,-13618097.36,6031661.134
263,128802,716098,47.617414,-122.33241,"Seattle-Tacoma-Bellevue, WA",8430156E-10EE-DD11-BFE8-001EC9ACE3EE,1002017391,130216,1075037,14281,STEWART ST NL 128F W/O MINOR AV EF-1 (TRIVISION),E,59803,POSTERS,-13617981.59,6043440.537
264,129935,716844,47.571267,-122.326933,"Seattle-Tacoma-Bellevue, WA",8430156E-10EE-DD11-BFE8-001EC9ACE3EE,1002017391,130433,1076403,17580,WEST SEATTLE BRIDGE SL 256F W/O 6TH AV S WF-2,W,246138,BULLETINS,-13617371.89,6035823.026
265,129459,716540,47.707944,-122.344992,"Seattle-Tacoma-Bellevue, WA",8430156E-10EE-DD11-BFE8-001EC9ACE3EE,1002017391,129979,1075839,9778,AURORA AV N WL 38F S/O N 109TH ST NF-2,N,98184,POSTERS,-13619382.21,6058403.929
266,128572,715929,47.521465,-122.319894,"Seattle-Tacoma-Bellevue, WA",8430156E-10EE-DD11-BFE8-001EC9ACE3EE,1002017391,130567,1074737,20815,W MARGINAL WY SW WL 130F E/O 10TH AV S SF-1,S,65831,POSTERS,-13616588.31,6027609.71
267,129338,716451,47.690946,-122.377031,"Seattle-Tacoma-Bellevue, WA",8430156E-10EE-DD11-BFE8-001EC9ACE3EE,1002017391,130037,1075689,11278,15TH AV NW WL 131F N/O NW 85TH ST SF-1,S,79520,POSTERS,-13622948.78,6055592.408
268,127530,715268,47.563198,-122.378388,"Seattle-Tacoma-Bellevue, WA",8430156E-10EE-DD11-BFE8-001EC9ACE3EE,1002017391,130461,1073542,18040,FAUNTLEROY WY SW SL 97F N/O SW OREGON ST EF-1 (TRIVISION),NE,84062,POSTERS,-13623099.84,6034491.762
269,128693,716009,47.52153,-122.279932,"Seattle-Tacoma-Bellevue, WA",8430156E-10EE-DD11-BFE8-001EC9ACE3EE,1002017391,129708,1074886,6633,MLK JR WY S WL 128F S/O S DIRECTOR SF-1,S,79720,POSTERS,-13612139.76,6027620.425
270,128517,715894,47.575976,-122.333938,"Seattle-Tacoma-Bellevue, WA",8430156E-10EE-DD11-BFE8-001EC9ACE3EE,1002017391,130313,1074673,16372,1ST AV S EL 147F N/O S HANFORD ST SF-2,S,65693,POSTERS,-13618151.68,6036600.036
271,128026,715562,47.543953,-122.387001,"Seattle-Tacoma-Bellevue, WA",8430156E-10EE-DD11-BFE8-001EC9ACE3EE,1002017391,130471,1074093,18107,CALIFORNIA AV SW EL 328F N/O SW HOLLY ST SF-1,S,25352,POSTERS,-13624058.63,6031317.451
272,129695,716689,47.73384,-122.3447,"Seattle-Tacoma-Bellevue, WA",8430156E-10EE-DD11-BFE8-001EC9ACE3EE,1002017391,129963,1076107,9612,AURORA AV N EL 125F S/O N 145TH ST SF-2,S,156232,BULLETINS,-13619349.71,6062688.969
273,129058,733910,47.59657,-122.317019,"Seattle-Tacoma-Bellevue, WA",8430156E-10EE-DD11-BFE8-001EC9ACE3EE,1002017391,129721,1075356,6798,12TH AV S EL 320F S/O S WELLER ST SF-2,S,60456,POSTERS,-13616268.27,6039998.974
274,129618,716641,47.550786,-122.335266,"Seattle-Tacoma-Bellevue, WA",8430156E-10EE-DD11-BFE8-001EC9ACE3EE,1002017391,130301,1076019,16249,E MARGINAL WY S EL 177F S/O S MEAD ST SF-2,S,190021,POSTERS,-13618299.52,6032444.367
275,129413,716506,47.664602,-122.347578,"Seattle-Tacoma-Bellevue, WA",8430156E-10EE-DD11-BFE8-001EC9ACE3EE,1002017391,130085,1075781,12000,AURORA AV N WL 105F S/O N 50TH ST SF-2,S,188701,BULLETINS,-13619670.08,6051236.841
276,129791,716751,47.64767,-122.35268,"Seattle-Tacoma-Bellevue, WA",8430156E-10EE-DD11-BFE8-001EC9ACE3EE,1002017391,605820,1076225,12214,NICKERSON ST NL 108F E/O ETRURIA ST WF-2 (TRIVISION),W,50425,POSTERS,-13620238.03,6048438.56
277,128968,716205,47.61863,-122.32981,"Seattle-Tacoma-Bellevue, WA",8430156E-10EE-DD11-BFE8-001EC9ACE3EE,1002017391,130214,1075245,14241,DENNY WY NL 205F E/O STEWART ST WF-1 (TRIVISION),W,81333,POSTERS,-13617692.16,6043641.353
278,129169,716338,47.661368,-122.376588,"Seattle-Tacoma-Bellevue, WA",8430156E-10EE-DD11-BFE8-001EC9ACE3EE,1002017391,130072,1075487,11734,15TH AV NW WL 38F S/O SHILSHOLE AV NW SF-1,S,175041,BULLETINS,-13622899.46,6050702.301
279,129312,716433,47.680024,-122.377015,"Seattle-Tacoma-Bellevue, WA",8430156E-10EE-DD11-BFE8-001EC9ACE3EE,1002017391,130051,1075663,11483,15TH AV NW WL 163F N/O NW 70TH ST SF-1,S,81643,POSTERS,-13622946.99,6053786.36
280,129197,716355,47.546341,-122.316614,"Seattle-Tacoma-Bellevue, WA",8430156E-10EE-DD11-BFE8-001EC9ACE3EE,1002017391,605825,1075525,17319,S ALBRO PL NL 40F W/O 13TH AVE S EF-2,E,22458,POSTERS,-13616223.19,6031711.27
281,127196,715058,47.571846,-122.337361,"Seattle-Tacoma-Bellevue, WA",8430156E-10EE-DD11-BFE8-001EC9ACE3EE,1002017391,130453,1073171,17752,WEST SEATTLE BRIDGE NL 43F W/O COLORADO AV S EF-4 (TRIVISION),E,166321,POSTERS,-13618532.73,6035918.56
282,129215,716368,47.662452,-122.376661,"Seattle-Tacoma-Bellevue, WA",8430156E-10EE-DD11-BFE8-001EC9ACE3EE,1002017391,599453,1075548,11715,15TH AV NW WL 143F S/O BALLARD WY NW NF-2,N,219701,BULLETINS,-13622907.59,6050881.469
283,129444,716528,47.703894,-122.344901,"Seattle-Tacoma-Bellevue, WA",8430156E-10EE-DD11-BFE8-001EC9ACE3EE,1002017391,129996,1075817,9947,AURORA AV N WL 111F N/O N 103RD ST SF-1,S,89314,POSTERS,-13619372.08,6057733.963
284,129237,716381,47.703841,-122.301323,"Seattle-Tacoma-Bellevue, WA",8430156E-10EE-DD11-BFE8-001EC9ACE3EE,1002017391,129819,1075570,8269,LAKE CITY WY NE EL 633F N/O FISCHER PL NE NF-1,N,89196,POSTERS,-13614521,6057725.196
285,129714,716704,47.654978,-122.342677,"Seattle-Tacoma-Bellevue, WA",8430156E-10EE-DD11-BFE8-001EC9ACE3EE,1002017391,130098,1076137,12108,STONE WY N WL 106F S/O N 40TH ST NF-2,N,52371,POSTERS,-13619124.51,6049646.212
286,129214,716368,47.662452,-122.376661,"Seattle-Tacoma-Bellevue, WA",8430156E-10EE-DD11-BFE8-001EC9ACE3EE,1002017391,130070,1075547,11713,15TH AV NW WL 143F S/O BALLARD WY NW SF-1,S,207412,BULLETINS,-13622907.59,6050881.469
287,129692,716688,47.728976,-122.345381,"Seattle-Tacoma-Bellevue, WA",8430156E-10EE-DD11-BFE8-001EC9ACE3EE,1002017391,129966,1076104,9632,AURORA AV N WL 97F N/O N 137TH ST SF-1,S,99231,POSTERS,-13619425.51,6061883.955
288,128055,715583,47.538588,-122.36075,"Seattle-Tacoma-Bellevue, WA",8430156E-10EE-DD11-BFE8-001EC9ACE3EE,1002017391,130481,1074133,19082,DELRIDGE WY SW EL 285F N/O SW ORCHARD ST SF-2,S,97771,POSTERS,-13621136.38,6030432.745
289,129628,716648,47.631926,-122.375631,"Seattle-Tacoma-Bellevue, WA",8430156E-10EE-DD11-BFE8-001EC9ACE3EE,1002017391,130138,1076031,12586,ELLIOTT AV W WL 98F S/O W GALER ST NF-1,N,190783,BULLETINS,-13622792.93,6045837.43
290,128957,716198,47.59568,-122.32389,"Seattle-Tacoma-Bellevue, WA",8430156E-10EE-DD11-BFE8-001EC9ACE3EE,1002017391,129668,1075231,6022,S DEARBORN ST SL 55F W/O 7TH AV S WF-2,W,48507,POSTERS,-13617033.15,6039852.056
291,129466,716545,47.656432,-122.347041,"Seattle-Tacoma-Bellevue, WA",8430156E-10EE-DD11-BFE8-001EC9ACE3EE,1002017391,130092,1075848,12064,AURORA AV N EL 97F S/O N 41ST ST SF-2,S,163531,POSTERS,-13619610.3,6049886.506
292,129428,716517,47.691714,-122.344801,"Seattle-Tacoma-Bellevue, WA",8430156E-10EE-DD11-BFE8-001EC9ACE3EE,1002017391,130001,1075798,10028,AURORA AV N WL 129F S/O N 87TH ST SF-1,S,112179,BULLETINS,-13619360.95,6055719.418
293,127206,715063,47.5718,-122.337931,"Seattle-Tacoma-Bellevue, WA",8430156E-10EE-DD11-BFE8-001EC9ACE3EE,1002017391,130456,1073181,17772,WEST SEATTLE BRIDGE NL 200F W/O COLORADO AV S EF-3 (TRIVISION),E,138051,POSTERS,-13618596.18,6035910.97
294,128893,716152,47.540268,-122.271025,"Seattle-Tacoma-Bellevue, WA",8430156E-10EE-DD11-BFE8-001EC9ACE3EE,1002017391,129694,1075139,6431,RAINIER AV S EL 163F S/O S WILLOW ST SF-1,S,75216,POSTERS,-13611148.24,6030709.773
295,128972,716208,47.595684,-122.32623,"Seattle-Tacoma-Bellevue, WA",8430156E-10EE-DD11-BFE8-001EC9ACE3EE,1002017391,129665,1075249,6000,S DEARBORN ST SL 38F E/O 6TH AV S EF-1,E,34527,POSTERS,-13617293.63,6039852.717
296,129304,716426,47.67567,-122.37595,"Seattle-Tacoma-Bellevue, WA",8430156E-10EE-DD11-BFE8-001EC9ACE3EE,1002017391,130054,1075652,11524,15TH AV NW EL 131F S/O NW 65TH ST SF-2,S,105031,POSTERS,-13622828.44,6053066.493
297,129894,716818,47.632747,-122.356678,"Seattle-Tacoma-Bellevue, WA",8430156E-10EE-DD11-BFE8-001EC9ACE3EE,1002017391,130173,1076357,12942,QUEEN ANNE AV N EL 247F N/O GALER ST SF-1 (TRIVISION),S,48116,POSTERS,-13620683.09,6045973.051
298,129711,716699,47.696955,-122.35512,"Seattle-Tacoma-Bellevue, WA",8430156E-10EE-DD11-BFE8-001EC9ACE3EE,1002017391,130031,1076129,11150,GREENWOOD AV N EL 336F N/O N 92ND ST SF-2,S,49505,POSTERS,-13620509.65,6056586.21
299,128602,715950,47.5808,-122.3339,"Seattle-Tacoma-Bellevue, WA",8430156E-10EE-DD11-BFE8-001EC9ACE3EE,1002017391,30650026,1074774,16415,1ST AV S EL 315F N/O S LANDER ST NF-1,N,71508,BULLETINS,-13618147.45,6037396.093
300,129699,716692,47.70535,-122.354739,"Seattle-Tacoma-Bellevue, WA",8430156E-10EE-DD11-BFE8-001EC9ACE3EE,1002017391,130015,1076113,11001,N 105TH SL NL 180F E/O GREENWOOD AV N EF-2,E,78165,POSTERS,-13620467.24,6057974.814
301,129712,716701,47.694561,-122.355112,"Seattle-Tacoma-Bellevue, WA",8430156E-10EE-DD11-BFE8-001EC9ACE3EE,1002017391,130032,1076132,11170,GREENWOOD AV N EL 116F N/O 90TH ST SF-1,S,51356,POSTERS,-13620508.76,6056190.263
302,128690,716007,47.5198,-122.280219,"Seattle-Tacoma-Bellevue, WA",8430156E-10EE-DD11-BFE8-001EC9ACE3EE,1002017391,129707,1074883,6613,MLK JR WY S WL 315F S/O BEACON AV S NF-2,N,103927,POSTERS,-13612171.71,6027335.254
303,129468,716546,47.715367,-122.3446,"Seattle-Tacoma-Bellevue, WA",8430156E-10EE-DD11-BFE8-001EC9ACE3EE,1002017391,605826,1075850,9758,AURORA AV N EL 1349F N/O N 115TH ST SF-1,S,127472,POSTERS,-13619338.57,6059632.003
304,128782,716085,47.594879,-122.325468,"Seattle-Tacoma-Bellevue, WA",8430156E-10EE-DD11-BFE8-001EC9ACE3EE,1002017391,130421,1075014,17473,AIRPORT WY S EL 19F S/O CHARLES ST NWF-1,NW,22274,POSTERS,-13617208.81,6039719.833
305,128784,716086,47.584402,-122.329387,"Seattle-Tacoma-Bellevue, WA",8430156E-10EE-DD11-BFE8-001EC9ACE3EE,1002017391,130347,1075016,16640,4TH AV S WL 110F N/O S WALKER ST SF-1,S,110334,BULLETINS,-13617645.07,6037990.544
306,127195,715058,47.571846,-122.337361,"Seattle-Tacoma-Bellevue, WA",8430156E-10EE-DD11-BFE8-001EC9ACE3EE,1002017391,130452,1073170,17751,WEST SEATTLE BRIDGE NL 43F W/O COLORADO AV S EF-3 (TRIVISION),E,166321,POSTERS,-13618532.73,6035918.56
307,129764,716738,47.550988,-122.329872,"Seattle-Tacoma-Bellevue, WA",8430156E-10EE-DD11-BFE8-001EC9ACE3EE,1002017391,509471,1076197,16779,4TH AV S WL 5F S/O S MEADE ST NF-2,N,55648,POSTERS,-13617699.06,6032477.684
308,129732,716718,47.566511,-122.329647,"Seattle-Tacoma-Bellevue, WA",8430156E-10EE-DD11-BFE8-001EC9ACE3EE,1002017391,130356,1076161,16742,4TH AV S WL 220F S/O INDUSTRIAL WY SF-1,S,55800,POSTERS,-13617674.01,6035038.332
309,129285,716414,47.670476,-122.376433,"Seattle-Tacoma-Bellevue, WA",8430156E-10EE-DD11-BFE8-001EC9ACE3EE,1002017391,130056,1075631,11564,15TH AV NW WL 97F N/O NW 57TH ST SF-1,S,78277,POSTERS,-13622882.21,6052207.824
310,140138,729102,47.56139,-122.329039,"Seattle-Tacoma-Bellevue, WA",8430156E-10EE-DD11-BFE8-001EC9ACE3EE,1002017391,30817726,1111204,16758,4TH AV S EL 2150F S/O S INDUSTRIAL WY  NF-1,N,67861,BULLETINS,-13617606.33,6034193.497
311,128915,716170,47.583752,-122.302508,"Seattle-Tacoma-Bellevue, WA",8430156E-10EE-DD11-BFE8-001EC9ACE3EE,1002017391,30497838,1075172,6226,RAINIER AV S WL 31F N/O S WALKER ST SF-1,S,94761,POSTERS,-13614652.91,6037883.269
312,129357,716465,47.539627,-122.322815,"Seattle-Tacoma-Bellevue, WA",8430156E-10EE-DD11-BFE8-001EC9ACE3EE,1002017391,130379,1075713,16934,E MARGINAL WY S WL 85F N/O S MYRTLE ST SF-1,S,46585,POSTERS,-13616913.48,6030604.072
313,129232,716377,47.703459,-122.301315,"Seattle-Tacoma-Bellevue, WA",8430156E-10EE-DD11-BFE8-001EC9ACE3EE,1002017391,129816,1075565,8247,LAKE CITY WY NE EL 504F N/O FISCHER PL NE SF-1,S,116003,POSTERS,-13614520.11,6057662.007
314,134098,723645,47.602396,-122.334392,"Seattle-Tacoma-Bellevue, WA",8430156E-10EE-DD11-BFE8-001EC9ACE3EE,1002061868,130273,1098653,14926,1ST AV WL 42.6F S/O CHERRY ST SF-1 (TRIVISION),S,103510,POSTERS,-13618202.22,6040960.77
315,129426,716516,47.662781,-122.34706,"Seattle-Tacoma-Bellevue, WA",8430156E-10EE-DD11-BFE8-001EC9ACE3EE,1002017391,130087,1075796,12021,AURORA AV N EL 31F S/O N 47TH ST NF-1,N,146765,POSTERS,-13619612.42,6050935.848
316,129740,716722,47.645763,-122.349742,"Seattle-Tacoma-Bellevue, WA",8430156E-10EE-DD11-BFE8-001EC9ACE3EE,1002017391,130103,1076170,12151,FREMONT AV N WL 37F N/O DEXTER AV N NEF-1,NE,196102,BULLETINS,-13619910.98,6048123.455
317,127531,715268,47.563198,-122.378388,"Seattle-Tacoma-Bellevue, WA",8430156E-10EE-DD11-BFE8-001EC9ACE3EE,1002017391,3637133,1073543,18042,FAUNTLEROY WY SW SL 97F N/O SW OREGON ST WF-2,SW,165709,BULLETINS,-13623099.84,6034491.762
318,129147,716326,47.690692,-122.307983,"Seattle-Tacoma-Bellevue, WA",8430156E-10EE-DD11-BFE8-001EC9ACE3EE,1002017391,129799,1075463,8062,LAKE CITY WY NE WL 159F N/O NE 85TH ST SF-1,S,42014,POSTERS,-13615262.39,6055550.403
319,129433,716520,47.691884,-122.344268,"Seattle-Tacoma-Bellevue, WA",8430156E-10EE-DD11-BFE8-001EC9ACE3EE,1002017391,130000,1075803,10008,AURORA AV N EL 150F S/O N 88TH ST NF-1,N,89859,POSTERS,-13619301.62,6055747.532
320,128689,716007,47.5198,-122.280219,"Seattle-Tacoma-Bellevue, WA",8430156E-10EE-DD11-BFE8-001EC9ACE3EE,1002017391,129706,1074882,6612,MLK JR WY S WL 315F S/O BEACON AV S SF-1,S,79720,POSTERS,-13612171.71,6027335.254
321,129388,716491,47.709139,-122.333756,"Seattle-Tacoma-Bellevue, WA",8430156E-10EE-DD11-BFE8-001EC9ACE3EE,1002017391,129995,1075752,9927,MERIDIAN AV N EL 180F N/O NORTHGATE WY SF-2,S,44816,POSTERS,-13618131.42,6058601.62
322,126931,714886,47.571948,-122.330194,"Seattle-Tacoma-Bellevue, WA",8430156E-10EE-DD11-BFE8-001EC9ACE3EE,1002017391,130438,1072852,17642,WEST SEATTLE BRIDGE NL 281F W/O 4TH AV S EF-2,E,169687,BULLETINS,-13617734.9,6035935.39
323,128807,716100,47.553094,-122.288695,"Seattle-Tacoma-Bellevue, WA",8430156E-10EE-DD11-BFE8-001EC9ACE3EE,1002017391,129718,1075042,6757,MLK JR WY S EL 140F S/O S BRANDON S NF-1,N,54792,POSTERS,-13613115.26,6032825.041
324,129590,716622,47.62479,-122.343321,"Seattle-Tacoma-Bellevue, WA",8430156E-10EE-DD11-BFE8-001EC9ACE3EE,1002017391,130180,1075980,13065,AURORA AV N EL 91F N/O MERCER ST SF-1,S,309913,BULLETINS,-13619196.2,6044658.72
325,129703,716694,47.724176,-122.34555,"Seattle-Tacoma-Bellevue, WA",8430156E-10EE-DD11-BFE8-001EC9ACE3EE,1002017391,129968,1076117,9653,AURORA AV N WL 273F N/O N 130TH ST NF-2,N,157961,BULLETINS,-13619444.33,6061089.607
326,128846,716126,47.537426,-122.270145,"Seattle-Tacoma-Bellevue, WA",8430156E-10EE-DD11-BFE8-001EC9ACE3EE,1002017391,129698,1075087,6511,RAINIER AV S EL 67F S/O S GARDEN ST SF-2,S,96504,POSTERS,-13611050.28,6030241.139
327,129420,716511,47.686543,-122.34425,"Seattle-Tacoma-Bellevue, WA",8430156E-10EE-DD11-BFE8-001EC9ACE3EE,1002017391,130008,1075789,10092,AURORA AV N EL 98F S/O N 80TH ST NF-1,N,89314,POSTERS,-13619299.61,6054864.288
328,127194,715058,47.571846,-122.337361,"Seattle-Tacoma-Bellevue, WA",8430156E-10EE-DD11-BFE8-001EC9ACE3EE,1002017391,130451,1073169,17750,WEST SEATTLE BRIDGE NL 43F W/O COLORADO AV S EF-2 (TRIVISION),E,166321,POSTERS,-13618532.73,6035918.56
329,128151,715649,47.517481,-122.316544,"Seattle-Tacoma-Bellevue, WA",8430156E-10EE-DD11-BFE8-001EC9ACE3EE,1002017391,130574,1074248,20879,DES MOINES WY S WL 213F N/O S 96TH ST NF-2,N,35860,POSTERS,-13616215.39,6026953.008
330,129482,716556,47.548441,-122.31515,"Seattle-Tacoma-Bellevue, WA",8430156E-10EE-DD11-BFE8-001EC9ACE3EE,1002017391,130412,1075867,17349,AIRPORT WY S EL 60F S/O S JUNEAU ST NF-1,N,33180,POSTERS,-13616060.21,6032057.607
331,129358,716465,47.539627,-122.322815,"Seattle-Tacoma-Bellevue, WA",8430156E-10EE-DD11-BFE8-001EC9ACE3EE,1002017391,130380,1075714,16935,E MARGINAL WY S WL 85F N/O S MYRTLE ST NF-2,N,58881,POSTERS,-13616913.48,6030604.072
332,129347,716457,47.731274,-122.29208,"Seattle-Tacoma-Bellevue, WA",8430156E-10EE-DD11-BFE8-001EC9ACE3EE,1002017391,129842,1075699,8525,LAKE CITY WY NE EL 257F S/O NE 143RD ST SF-2,S,143551,POSTERS,-13613492.07,6062264.275
333,129205,716360,47.701951,-122.302267,"Seattle-Tacoma-Bellevue, WA",8430156E-10EE-DD11-BFE8-001EC9ACE3EE,1002017391,129811,1075533,8206,LAKE CITY WY NE WL 348F N/O NE 100TH ST SF-1,S,102376,POSTERS,-13614626.09,6057412.564
334,128054,715583,47.538588,-122.36075,"Seattle-Tacoma-Bellevue, WA",8430156E-10EE-DD11-BFE8-001EC9ACE3EE,1002017391,130480,1074132,19081,DELRIDGE WY SW EL 285F N/O SW ORCHARD ST NF-1,N,57562,POSTERS,-13621136.38,6030432.745
335,129171,716339,47.695646,-122.305899,"Seattle-Tacoma-Bellevue, WA",8430156E-10EE-DD11-BFE8-001EC9ACE3EE,1002017391,129806,1075489,8165,LAKE CITY WY NE WL 13F S/O NE 92ND ST SF-1,S,44652,POSTERS,-13615030.4,6056369.711
336,128516,715894,47.575976,-122.333938,"Seattle-Tacoma-Bellevue, WA",8430156E-10EE-DD11-BFE8-001EC9ACE3EE,1002017391,130312,1074672,16371,1ST AV S EL 147F N/O S HANFORD ST NF-1,N,49699,POSTERS,-13618151.68,6036600.036
337,128534,715905,47.579985,-122.32417,"Seattle-Tacoma-Bellevue, WA",8430156E-10EE-DD11-BFE8-001EC9ACE3EE,1002017391,30458485,1074692,16670,S LANDER ST NL 50F E/O 7TH AV S WF-1,W,31613,POSTERS,-13617064.32,6037261.597
338,128936,716183,47.593902,-122.309758,"Seattle-Tacoma-Bellevue, WA",8430156E-10EE-DD11-BFE8-001EC9ACE3EE,1002017391,129677,1075202,6145,RAINIER AV S EL 76F S/O S CHARLES ST NF-1,N,90395,POSTERS,-13615459.98,6039558.559
339,129600,716629,47.578254,-122.339131,"Seattle-Tacoma-Bellevue, WA",8430156E-10EE-DD11-BFE8-001EC9ACE3EE,1002017391,130286,1075992,16082,ALASKAN WY VIADUCT S EL 922F N/O S HANFORD ST SF-2,S,321965,BULLETINS,-13618729.77,6036975.943
340,129641,716657,47.648609,-122.381792,"Seattle-Tacoma-Bellevue, WA",8430156E-10EE-DD11-BFE8-001EC9ACE3EE,1002017391,130120,1076046,12358,W DRAVUS ST NL 44F E/O 20TH AV W WF-1,W,79276,POSTERS,-13623478.77,6048593.721
341,129436,716522,47.69394,-122.34479,"Seattle-Tacoma-Bellevue, WA",8430156E-10EE-DD11-BFE8-001EC9ACE3EE,1002017391,129998,1075807,9987,AURORA AV N WL 58F S/O N 90TH ST SF-1,S,101437,POSTERS,-13619359.72,6056087.558
342,129704,716695,47.70184,-122.355674,"Seattle-Tacoma-Bellevue, WA",8430156E-10EE-DD11-BFE8-001EC9ACE3EE,1002017391,130024,1076118,11086,GREENWOOD AV N WL 121F S/O N 101ST SF-1,S,38671,POSTERS,-13620571.33,6057394.203
343,129640,716656,47.64366,-122.376545,"Seattle-Tacoma-Bellevue, WA",8430156E-10EE-DD11-BFE8-001EC9ACE3EE,1002017391,130123,1076045,12400,15TH AV W WL 283F N/O RAYE ST NF-2,N,181265,BULLETINS,-13622894.67,6047775.977
344,129719,716709,47.561675,-122.334403,"Seattle-Tacoma-Bellevue, WA",8430156E-10EE-DD11-BFE8-001EC9ACE3EE,1002017391,130303,1076145,16278,1ST AV WL 100F N/O DENVER AV S SF-1,S,34133,POSTERS,-13618203.45,6034240.512
345,128790,716089,47.614976,-122.320549,"Seattle-Tacoma-Bellevue, WA",8430156E-10EE-DD11-BFE8-001EC9ACE3EE,1002017391,129754,1075022,7254,BROADWAY EL 103F S/O PINE ST SF-1,S,66220,POSTERS,-13616661.23,6043037.926
346,129710,716699,47.696955,-122.35512,"Seattle-Tacoma-Bellevue, WA",8430156E-10EE-DD11-BFE8-001EC9ACE3EE,1002017391,130030,1076128,11149,GREENWOOD AV N EL 336F N/O N 92ND ST NF-1,N,38634,POSTERS,-13620509.65,6056586.21
347,128051,715581,47.569128,-122.362576,"Seattle-Tacoma-Bellevue, WA",8430156E-10EE-DD11-BFE8-001EC9ACE3EE,1002017391,130479,1074129,19061,DELRIDGE WY SW EL 124F S/O 23RD AV SW NF-1,N,63462,POSTERS,-13621339.65,6035470.103
348,129609,716635,47.545258,-122.329145,"Seattle-Tacoma-Bellevue, WA",8430156E-10EE-DD11-BFE8-001EC9ACE3EE,1002017391,130375,1076006,16892,MICHIGAN ST SL 80F E/O 4TH AV S EF-1,E,135098,BULLETINS,-13617618.13,6031532.664
349,129773,716743,47.649317,-122.357204,"Seattle-Tacoma-Bellevue, WA",8430156E-10EE-DD11-BFE8-001EC9ACE3EE,1002017391,130111,1076207,12235,NICKERSON ST SL 113F E/O QUEEN ANNE AV N EF-1,E,60961,POSTERS,-13620741.64,6048710.713
350,128563,715921,47.529736,-122.327252,"Seattle-Tacoma-Bellevue, WA",8430156E-10EE-DD11-BFE8-001EC9ACE3EE,1002017391,130564,1074725,20774,W MARGINAL WY S EL 24F S/O S SOUTHERN ST SF-2,S,105078,POSTERS,-13617407.4,6028973.218
351,129713,716704,47.654978,-122.342677,"Seattle-Tacoma-Bellevue, WA",8430156E-10EE-DD11-BFE8-001EC9ACE3EE,1002017391,130097,1076136,12107,STONE WY N WL 106F S/O N 40TH ST SF-1,S,41370,POSTERS,-13619124.51,6049646.212
352,128528,715901,47.547217,-122.323255,"Seattle-Tacoma-Bellevue, WA",8430156E-10EE-DD11-BFE8-001EC9ACE3EE,1002017391,30458489,1074684,16900,S MICHIGAN ST NL 500F W/O CORSON AV S WF-2,W,127906,BULLETINS,-13616962.46,6031855.74
353,128581,715936,47.522289,-122.314675,"Seattle-Tacoma-Bellevue, WA",8430156E-10EE-DD11-BFE8-001EC9ACE3EE,1002017391,130571,1074748,20857,14TH AV S EL 26F N/O S DIRECTOR ST NF-1,N,32714,POSTERS,-13616007.34,6027745.54
354,128608,715954,47.601362,-122.317151,"Seattle-Tacoma-Bellevue, WA",8430156E-10EE-DD11-BFE8-001EC9ACE3EE,1002017391,129723,1074782,6879,BOREN AV S EL 205F S/O YESLER WY NF-1,N,87205,POSTERS,-13616282.96,6040790.062
355,129642,716657,47.648609,-122.381792,"Seattle-Tacoma-Bellevue, WA",8430156E-10EE-DD11-BFE8-001EC9ACE3EE,1002017391,130121,1076047,12359,W DRAVUS ST NL 44F E/O 20TH AV W EF-2,E,73074,POSTERS,-13623478.77,6048593.721
356,129603,716631,47.574821,-122.339067,"Seattle-Tacoma-Bellevue, WA",8430156E-10EE-DD11-BFE8-001EC9ACE3EE,1002017391,130287,1075995,16102,ALASKAN WY VIADUCT S EL 143F N/O S HORTON ST NF-1,N,236970,BULLETINS,-13618722.64,6036409.448
357,126940,714891,47.571906,-122.333021,"Seattle-Tacoma-Bellevue, WA",8430156E-10EE-DD11-BFE8-001EC9ACE3EE,1002017391,130439,1072861,17662,WEST SEATTLE BRIDGE NL 332F E/O 1ST AV S WF-1 (TRIVISION),W,100190,POSTERS,-13618049.6,6035928.46
358,128804,716098,47.617414,-122.33241,"Seattle-Tacoma-Bellevue, WA",8430156E-10EE-DD11-BFE8-001EC9ACE3EE,1002017391,130218,1075039,14283,STEWART ST NL 128F W/O MINOR AV EF-1 (TRIVISION),E,59803,POSTERS,-13617981.59,6043440.537
359,129934,716844,47.571267,-122.326933,"Seattle-Tacoma-Bellevue, WA",8430156E-10EE-DD11-BFE8-001EC9ACE3EE,1002017391,130432,1076402,17579,WEST SEATTLE BRIDGE SL 256F W/O 6TH AV S EF-1,E,146799,BULLETINS,-13617371.89,6035823.026
360,129607,716634,47.572367,-122.338981,"Seattle-Tacoma-Bellevue, WA",8430156E-10EE-DD11-BFE8-001EC9ACE3EE,1002017391,130289,1076004,16123,ALASKAN WY VIADUCT EL 240F N/O SW SPOKANE ST NF-1,N,216308,BULLETINS,-13618713.07,6036004.526
361,129453,716537,47.7073,-122.344439,"Seattle-Tacoma-Bellevue, WA",8430156E-10EE-DD11-BFE8-001EC9ACE3EE,1002017391,129981,1075833,9799,AURORA AV N EL 163F N/O 107TH ST SF-1,S,159545,BULLETINS,-13619320.65,6058297.392
362,128973,716208,47.595684,-122.32623,"Seattle-Tacoma-Bellevue, WA",8430156E-10EE-DD11-BFE8-001EC9ACE3EE,1002017391,129666,1075250,6001,S DEARBORN ST SL 38F E/O 6TH AV S WF-2,W,48569,POSTERS,-13617293.63,6039852.717
363,129458,716540,47.707944,-122.344992,"Seattle-Tacoma-Bellevue, WA",8430156E-10EE-DD11-BFE8-001EC9ACE3EE,1002017391,129978,1075838,9777,AURORA AV N WL 38F S/O N 109TH ST SF-1,S,126659,POSTERS,-13619382.21,6058403.929
364,129929,716838,47.571832,-122.327705,"Seattle-Tacoma-Bellevue, WA",8430156E-10EE-DD11-BFE8-001EC9ACE3EE,1002017391,130436,1076394,17621,WEST SEATTLE BRIDGE NL 40F W/O 5TH AV S EF-2,E,169687,BULLETINS,-13617457.83,6035916.25
365,129727,716713,47.579602,-122.32984,"Seattle-Tacoma-Bellevue, WA",8430156E-10EE-DD11-BFE8-001EC9ACE3EE,1002017391,130352,1076153,16666,S LANDER ST SL 10F E/O 3RD AV A WF-2,W,45426,POSTERS,-13617695.5,6037198.392
366,129684,716683,47.583492,-122.328703,"Seattle-Tacoma-Bellevue, WA",8430156E-10EE-DD11-BFE8-001EC9ACE3EE,1002017391,30820313,1111337,16631,4TH AV S EL 100F S/O WALKER ST NF-1,N,108633,BULLETINS,-13617568.93,6037840.36
367,128040,715574,47.569867,-122.362466,"Seattle-Tacoma-Bellevue, WA",8430156E-10EE-DD11-BFE8-001EC9ACE3EE,1002017391,130477,1074118,19040,DELRIDGE WY SW WL 13F S/O SW CHARLESTON ST SF-1,S,63022,POSTERS,-13621327.41,6035592.032
368,129051,716264,47.580519,-122.313602,"Seattle-Tacoma-Bellevue, WA",8430156E-10EE-DD11-BFE8-001EC9ACE3EE,1002017391,129719,1075349,6777,BEACON AV S WL 27F N/O 15TH AV S SF-1,S,32306,POSTERS,-13615887.89,6037349.721
369,126963,714903,47.571227,-122.336133,"Seattle-Tacoma-Bellevue, WA",8430156E-10EE-DD11-BFE8-001EC9ACE3EE,1002017391,130449,1072886,17729,WEST SEATTLE BRIDGE SL 940F W/O 1ST AV S WF-2,W,175587,BULLETINS,-13618396.03,6035816.426
370,129386,716490,47.720925,-122.344595,"Seattle-Tacoma-Bellevue, WA",8430156E-10EE-DD11-BFE8-001EC9ACE3EE,1002017391,30542524,1075750,9726,AURORA AV N EL 475F N/O N 125TH ST SF-2,S,157126,BULLETINS,-13619338.02,6060551.643
371,129914,716830,47.619037,-122.357824,"Seattle-Tacoma-Bellevue, WA",8430156E-10EE-DD11-BFE8-001EC9ACE3EE,1002017391,130163,1076378,12837,WESTERN AV W EL 27F S/O 1ST AV W NF-1,N,85417,POSTERS,-13620810.66,6043708.568
372,128058,715585,47.521947,-122.359554,"Seattle-Tacoma-Bellevue, WA",8430156E-10EE-DD11-BFE8-001EC9ACE3EE,1002017391,14911620,1074136,19101,DELRIDGE WY SW WL 57F N/O 20TH AV SW SF-1,S,42419,POSTERS,-13621003.25,6027689.164
373,129397,716497,47.547136,-122.313918,"Seattle-Tacoma-Bellevue, WA",8430156E-10EE-DD11-BFE8-001EC9ACE3EE,1002017391,30617997,1075763,17309,AIRPORT WY S WL 85F S/O S ALBRO PL NF-2,N,23573,POSTERS,-13615923.07,6031842.381
374,127538,715272,47.562284,-122.379743,"Seattle-Tacoma-Bellevue, WA",8430156E-10EE-DD11-BFE8-001EC9ACE3EE,1002017391,130465,1073550,18063,FAUNTLEROY WY SW SL 81F E/O 38TH AV SW EF-2,E,70272,POSTERS,-13623250.67,6034340.978
375,140689,716234,47.60047,-122.327855,"Seattle-Tacoma-Bellevue, WA",8430156E-10EE-DD11-BFE8-001EC9ACE3EE,1002017391,30834475,1113970,16601,5TH AV S WL 132F S/O S WASHINGTON ST NF-1 (TRIVISION),N,25409,POSTERS,-13617474.53,6040642.801
376,128774,716079,47.618757,-122.313004,"Seattle-Tacoma-Bellevue, WA",8430156E-10EE-DD11-BFE8-001EC9ACE3EE,1002017391,129742,1075004,7147,15TH AV E WL 79F N/O E DENNY WY SF-1,S,50949,POSTERS,-13615821.32,6043662.327
377,129318,716438,47.680795,-122.37654,"Seattle-Tacoma-Bellevue, WA",8430156E-10EE-DD11-BFE8-001EC9ACE3EE,1002017391,130049,1075670,11443,15TH AV NW EL 185F S/O NW 73RD ST SF-2,S,109804,POSTERS,-13622894.12,6053913.839
378,128803,716098,47.617414,-122.33241,"Seattle-Tacoma-Bellevue, WA",8430156E-10EE-DD11-BFE8-001EC9ACE3EE,1002017391,130217,1075038,14282,STEWART ST NL 128F W/O MINOR AV EF-1 (TRIVISION),E,59803,POSTERS,-13617981.59,6043440.537
379,128664,715990,47.574823,-122.328794,"Seattle-Tacoma-Bellevue, WA",8430156E-10EE-DD11-BFE8-001EC9ACE3EE,1002017391,130353,1074850,16680,4TH AV S EL 164F N/O S HORTON ST NF-1,N,85540,POSTERS,-13617579.06,6036409.778
380,129606,716631,47.574821,-122.339067,"Seattle-Tacoma-Bellevue, WA",8430156E-10EE-DD11-BFE8-001EC9ACE3EE,1002017391,30766374,1075998,16105,ALASKAN WY VIADUCT S EL 143F N/O S HORTON ST SF-2 (TRIVISION),S,320801,BULLETINS,-13618722.64,6036409.448
381,128857,716133,47.61553,-122.330081,"Seattle-Tacoma-Bellevue, WA",8430156E-10EE-DD11-BFE8-001EC9ACE3EE,1002017391,130236,1075101,14451,OLIVE WY SL 128F E/O BOREN AV EF-1,E,78128,BULLETINS,-13617722.33,6043129.412
382,126941,714891,47.571906,-122.333021,"Seattle-Tacoma-Bellevue, WA",8430156E-10EE-DD11-BFE8-001EC9ACE3EE,1002017391,130440,1072862,17663,WEST SEATTLE BRIDGE NL 332F E/O 1ST AV S WF-1 (TRIVISION),W,100190,POSTERS,-13618049.6,6035928.46
383,129183,716348,47.697778,-122.305102,"Seattle-Tacoma-Bellevue, WA",8430156E-10EE-DD11-BFE8-001EC9ACE3EE,1002017391,129808,1075507,8186,LAKE CITY WY NE EL 78F N/O NE 95TH ST SF-2,S,160104,BULLETINS,-13614941.68,6056722.331
384,129325,716442,47.683296,-122.377028,"Seattle-Tacoma-Bellevue, WA",8430156E-10EE-DD11-BFE8-001EC9ACE3EE,1002017391,130047,1075675,11402,15TH AV NW WL 33F N/O NW 75TH ST SF-1,S,81770,POSTERS,-13622948.44,6054327.374
385,128989,716223,47.600723,-122.329416,"Seattle-Tacoma-Bellevue, WA",8430156E-10EE-DD11-BFE8-001EC9ACE3EE,1002017391,130337,1075270,16539,4TH AV S WL 52F S/O S WASHINGTON ST SF-1 (TRIVISION),S,202120,BULLETINS,-13617648.3,6040684.569
386,129396,716497,47.547136,-122.313918,"Seattle-Tacoma-Bellevue, WA",8430156E-10EE-DD11-BFE8-001EC9ACE3EE,1002017391,130409,1075762,17308,AIRPORT WY S WL 85F S/O S ALBRO PL SF-1,S,18464,POSTERS,-13615923.07,6031842.381
387,128918,716175,47.575795,-122.326235,"Seattle-Tacoma-Bellevue, WA",8430156E-10EE-DD11-BFE8-001EC9ACE3EE,1002017391,130428,1075182,17537,6TH AV S WL 28F N/O S HANFORD ST SF-1,S,44516,POSTERS,-13617294.19,6036570.168
388,128482,715870,47.664309,-122.375875,"Seattle-Tacoma-Bellevue, WA",8430156E-10EE-DD11-BFE8-001EC9ACE3EE,1002017391,14926331,1074633,11682,15TH AV NW EL 35F S/O NW 49TH SF-2,S,222173,BULLETINS,-13622820.09,6051188.41
389,128391,715818,47.512584,-122.354852,"Seattle-Tacoma-Bellevue, WA",8430156E-10EE-DD11-BFE8-001EC9ACE3EE,1002017391,130489,1074532,19164,16TH AV SW EL 268F N/O SW 102ND ST NF-1,N,21122,POSTERS,-13620479.82,6026145.88
390,129743,716724,47.558151,-122.329829,"Seattle-Tacoma-Bellevue, WA",8430156E-10EE-DD11-BFE8-001EC9ACE3EE,1002017391,130360,1076173,16773,4TH AV S WL 918F N/O S DAWSON ST SF-1,S,54462,POSTERS,-13617694.27,6033659.186
391,129969,716868,47.628129,-122.370113,"Seattle-Tacoma-Bellevue, WA",8430156E-10EE-DD11-BFE8-001EC9ACE3EE,1002017391,130144,1076445,12668,ELLIOTT AV W EL 234F S/O W PROSPECT ST NF-1,N,142561,POSTERS,-13622178.67,6045210.229
392,128797,716095,47.57206,-122.333855,"Seattle-Tacoma-Bellevue, WA",8430156E-10EE-DD11-BFE8-001EC9ACE3EE,1002017391,130311,1075032,16332,1ST AV S EL 110F N/O S SPOKANE ST SF-2,S,211583,BULLETINS,-13618142.45,6035953.87
393,128904,716163,47.617339,-122.33377,"Seattle-Tacoma-Bellevue, WA",8430156E-10EE-DD11-BFE8-001EC9ACE3EE,1002017391,130246,1075157,14556,BOREN AV WL 290F N/O STEWART ST SF-1,S,88731,BULLETINS,-13618132.98,6043428.151
394,128603,715950,47.5808,-122.3339,"Seattle-Tacoma-Bellevue, WA",8430156E-10EE-DD11-BFE8-001EC9ACE3EE,1002017391,30650028,1074775,16416,1ST AV S EL 315F N/O S LANDER ST SF-2,S,89029,BULLETINS,-13618147.45,6037396.093
395,128916,716170,47.583752,-122.302508,"Seattle-Tacoma-Bellevue, WA",8430156E-10EE-DD11-BFE8-001EC9ACE3EE,1002017391,129682,1075173,6227,RAINIER AV S WL 31F N/O S WALKER ST NF-2,N,124393,POSTERS,-13614652.91,6037883.269
396,129895,716818,47.632747,-122.356678,"Seattle-Tacoma-Bellevue, WA",8430156E-10EE-DD11-BFE8-001EC9ACE3EE,1002017391,130174,1076358,12943,QUEEN ANNE AV N EL 247F N/O GALER ST SF-1 (TRIVISION),S,47920,POSTERS,-13620683.09,6045973.051
397,128441,715847,47.560687,-122.338978,"Seattle-Tacoma-Bellevue, WA",8430156E-10EE-DD11-BFE8-001EC9ACE3EE,1002017391,14910732,1074587,16197,E MARGINAL WY S EL 110F N/O ALASKA ST NF-1,N,186973,BULLETINS,-13618712.74,6034077.526
398,128778,716083,47.54787,-122.3335,"Seattle-Tacoma-Bellevue, WA",8430156E-10EE-DD11-BFE8-001EC9ACE3EE,1002017391,30664547,1075010,16259,1ST AV S EL 30F N/O E MARGINAL WY S NF-1,N,209173,BULLETINS,-13618102.93,6031963.435
399,127126,715014,47.587606,-122.333885,"Seattle-Tacoma-Bellevue, WA",8430156E-10EE-DD11-BFE8-001EC9ACE3EE,1002017391,130316,1073083,16434,1ST AV S EL 200F S/O MASSACHUSETTS SF,S,122844,BULLETINS,-13618145.79,6038519.346
400,129893,716818,47.632747,-122.356678,"Seattle-Tacoma-Bellevue, WA",8430156E-10EE-DD11-BFE8-001EC9ACE3EE,1002017391,130172,1076356,12941,QUEEN ANNE AV N EL 247F N/O GALER ST SF-1 (TRIVISION),S,48116,POSTERS,-13620683.09,6045973.051
401,129052,716264,47.580519,-122.313602,"Seattle-Tacoma-Bellevue, WA",8430156E-10EE-DD11-BFE8-001EC9ACE3EE,1002017391,129720,1075350,6778,BEACON AV S WL 27F N/O 15TH AV S NF-2,N,71703,POSTERS,-13615887.89,6037349.721
402,140139,729102,47.56139,-122.329039,"Seattle-Tacoma-Bellevue, WA",8430156E-10EE-DD11-BFE8-001EC9ACE3EE,1002017391,30817727,1111205,16759,4TH AV S EL 2150F S/O S INDUSTRIAL WY  SF-2,S,84230,BULLETINS,-13617606.33,6034193.497
403,126979,714912,47.57125,-122.336119,"Seattle-Tacoma-Bellevue, WA",8430156E-10EE-DD11-BFE8-001EC9ACE3EE,1002017391,130446,1072905,17707,WEST SEATTLE BRIDGE SL 152F W/O 1ST AV S EF-1,E,137083,BULLETINS,-13618394.47,6035820.221
404,129696,716691,47.70548,-122.355192,"Seattle-Tacoma-Bellevue, WA",8430156E-10EE-DD11-BFE8-001EC9ACE3EE,1002017391,130016,1076110,11021,GREENWOOD AV N EL 144F N/O N 105TH ST NF-1,N,68922,POSTERS,-13620517.67,6057996.319
405,129349,716458,47.668845,-122.393602,"Seattle-Tacoma-Bellevue, WA",8430156E-10EE-DD11-BFE8-001EC9ACE3EE,1002017391,130063,1075701,11609,NW MARKET ST NL 171F W/O 28TH AV NW EF-2,E,54993,POSTERS,-13624793.45,6051938.206
406,129624,716645,47.5681,-122.338901,"Seattle-Tacoma-Bellevue, WA",8430156E-10EE-DD11-BFE8-001EC9ACE3EE,1002017391,130295,1076025,16186,E MARGINAL WY S EL 300F S/O DUWAMISH AV S NF-1,N,110623,POSTERS,-13618704.16,6035300.494
407,134092,723641,47.621351,-122.347092,"Seattle-Tacoma-Bellevue, WA",8430156E-10EE-DD11-BFE8-001EC9ACE3EE,1002061868,130189,1098645,14025,BROAD ST NL 262F E/O 5TH AVE N WF-1 (TRIVISION),W,59873,POSTERS,-13619615.98,6044090.73
408,128919,716175,47.575795,-122.326235,"Seattle-Tacoma-Bellevue, WA",8430156E-10EE-DD11-BFE8-001EC9ACE3EE,1002017391,130429,1075183,17538,6TH AV S WL 28F N/O S HANFORD ST NF-2,N,58474,POSTERS,-13617294.19,6036570.168
409,127185,715053,47.571253,-122.334494,"Seattle-Tacoma-Bellevue, WA",8430156E-10EE-DD11-BFE8-001EC9ACE3EE,1002017391,130445,1073160,17687,WEST SEATTLE BRIDGE SL 28F W/O 1ST AV S NWF-1,NW,139063,POSTERS,-13618213.58,6035820.716
410,129759,716734,47.555664,-122.322442,"Seattle-Tacoma-Bellevue, WA",8430156E-10EE-DD11-BFE8-001EC9ACE3EE,1002017391,130415,1076189,17390,AIRPORT WY S WL 1000F N/O S LUCILLE ST NF-2,N,40866,POSTERS,-13616871.96,6033248.949
411,129267,716400,47.709281,-122.301331,"Seattle-Tacoma-Bellevue, WA",8430156E-10EE-DD11-BFE8-001EC9ACE3EE,1002017391,129821,1075609,8309,LAKE CITY WY NE WL 336F N/O NE 110TH ST SF-1,S,78685,POSTERS,-13614521.89,6058625.111
412,128706,716017,47.550226,-122.287314,"Seattle-Tacoma-Bellevue, WA",8430156E-10EE-DD11-BFE8-001EC9ACE3EE,1002017391,14911616,1074901,6738,MLK JR WY S EL 108F N/O S JUNEAU ST SF-1,S,68081,POSTERS,-13612961.53,6032352.005
413,128609,715954,47.601362,-122.317151,"Seattle-Tacoma-Bellevue, WA",8430156E-10EE-DD11-BFE8-001EC9ACE3EE,1002017391,129724,1074783,6880,BOREN AV S EL 205F S/O YESLER WY SF-2 (TRIVISION WRAP),S,51049,POSTERS,-13616282.96,6040790.062
414,128700,716013,47.545463,-122.28564,"Seattle-Tacoma-Bellevue, WA",8430156E-10EE-DD11-BFE8-001EC9ACE3EE,1002017391,14911615,1074893,6716,MLK JR WY S WL 268F S/O S GRAHAM ST SF-1,S,52055,POSTERS,-13612775.18,6031566.472
415,129622,716643,47.552667,-122.336116,"Seattle-Tacoma-Bellevue, WA",8430156E-10EE-DD11-BFE8-001EC9ACE3EE,1002017391,130299,1076023,16228,E MARGINAL WY S EL 346F S/O S LUCILE ST SF-2,S,232619,BULLETINS,-13618394.14,6032754.612
416,128879,716145,47.61534,-122.33029,"Seattle-Tacoma-Bellevue, WA",8430156E-10EE-DD11-BFE8-001EC9ACE3EE,1002017391,130234,1075125,14430,BOREN AV EL 111F S/O OLIVE WY NF-1,N,155841,POSTERS,-13617745.59,6043098.036
417,134090,723637,47.544569,-122.284556,"Seattle-Tacoma-Bellevue, WA",8430156E-10EE-DD11-BFE8-001EC9ACE3EE,1002061868,30456038,1098629,6700,MLK JR WY S EL 25F S/O S ANGEL PL NF-1,N,52487,POSTERS,-13612654.51,6031419.038
